name,birthDate,type
Baxter,2021/06/04,cat
Vicki,2021/03/04,cat
Stavros,2021/06/01,dog
Zacharias,2021/07/24,hamster
Oralla,2021/06/13,snake
Jane,2021/03/05,bird
Cal,2021/05/18,lizard
Debbie,2021/06/16,hamster
Amandi,2021/09/23,cat
Rivkah,2021/02/16,dog
Danny,2021/12/20,snake
Charleen,2021/04/09,lizard
Stanly,2021/03/05,snake
Liz,2021/11/17,snake
Flossi,2021/12/12,hamster
Innis,2021/01/09,cat
Catarina,2021/08/16,lizard
Isidor,2021/06/21,lizard
Kristy,2021/12/01,snake
Beryl,2021/02/13,lizard
Dallis,2021/04/30,bird
Jaquenetta,2021/07/29,hamster
Fidela,2021/11/28,dog
Caren,2021/11/15,dog
Janine,2021/04/08,lizard
Ambrosius,2021/11/29,bird
Ingra,2021/09/01,bird
Chrysler,2021/12/09,lizard
Cristionna,2021/02/17,bird
Niko,2021/09/06,dog
Amalie,2021/05/05,hamster
Lazaro,2021/02/21,cat
Leena,2021/11/05,snake
Devy,2021/06/02,hamster
Joanne,2021/04/20,lizard
Nicolea,2021/09/16,dog
Moll,2021/04/26,dog
Chance,2021/01/18,bird
Delmor,2021/10/22,cat
Adan,2021/11/26,hamster
Elinor,2021/01/10,cat
Claudine,2021/10/17,hamster
Althea,2021/09/21,snake
Samuele,2021/06/15,snake
Estell,2021/07/25,hamster
Tobye,2021/08/01,snake
Parrnell,2021/11/29,snake
Jean,2021/08/30,cat
Glenn,2021/04/29,bird
Titos,2021/06/06,cat
Jessika,2021/12/22,hamster
Tadeo,2021/10/29,lizard
Paige,2021/06/11,hamster
Francklyn,2021/08/28,bird
Estelle,2021/08/23,snake
Mace,2021/12/11,lizard
Eliza,2021/07/28,dog
Christen,2021/01/27,hamster
Magdalene,2021/03/25,lizard
Shalom,2021/06/30,snake
Paquito,2021/02/28,bird
Walker,2021/01/21,lizard
Arte,2021/05/30,snake
Antonius,2021/04/26,cat
Hanny,2021/08/04,dog
Linoel,2021/08/07,dog
Brandon,2021/10/10,cat
Anselma,2021/05/03,lizard
Lawrence,2021/09/21,snake
Stefania,2021/09/25,cat
Brook,2021/12/09,hamster
Ernst,2021/07/30,lizard
Curt,2021/02/12,dog
Archibold,2021/04/12,lizard
Alikee,2021/10/28,lizard
Flinn,2021/12/29,hamster
Martica,2021/05/27,hamster
Gabi,2021/07/18,dog
Doralyn,2021/03/13,snake
Rorie,2021/10/25,dog
Jimmy,2021/01/31,cat
Tova,2021/05/15,bird
Eolande,2021/12/20,snake
Megan,2021/07/14,bird
Orran,2021/07/17,hamster
Rivalee,2021/10/30,bird
Weylin,2021/11/24,bird
Merissa,2021/03/29,bird
Ed,2021/07/01,cat
Waylin,2021/05/29,bird
Nicoline,2021/08/03,bird
Gal,2021/09/17,hamster
Colas,2021/08/23,cat
Effie,2021/05/18,snake
Theodora,2021/08/07,lizard
Garry,2021/03/19,hamster
Arne,2021/02/04,lizard
Burch,2021/03/18,hamster
Newton,2021/10/01,hamster
Berty,2021/11/23,snake
Benjamin,2021/03/02,bird
Benjie,2021/08/15,hamster
Orelee,2021/06/10,hamster
Elsy,2021/07/30,cat
Susanna,2021/01/27,dog
Dani,2021/05/31,dog
Edmund,2021/12/26,cat
Mitchael,2021/08/22,snake
Shannon,2021/09/17,dog
Klemens,2021/11/13,snake
Donica,2021/04/08,lizard
Faye,2021/10/29,snake
Aymer,2021/04/29,cat
Laughton,2021/11/16,bird
Tito,2021/11/01,dog
Bartlett,2021/05/27,dog
Avril,2021/03/16,hamster
Aldric,2021/01/12,snake
Alena,2021/08/06,snake
Symon,2021/05/07,snake
Zorana,2021/11/23,dog
Saunder,2021/02/06,hamster
Wenona,2021/09/12,cat
Pippa,2021/06/21,lizard
Niki,2021/03/05,dog
Sybila,2021/08/29,cat
Waylan,2021/10/16,hamster
Lorianne,2021/09/13,bird
Toby,2021/07/09,dog
Giraldo,2021/07/26,cat
Bernardina,2021/07/01,cat
Tracie,2021/05/08,bird
Quintana,2021/04/11,hamster
Leland,2021/06/16,bird
Hatti,2021/12/23,dog
Darb,2021/11/02,cat
Chase,2021/07/18,dog
Mareah,2021/12/09,cat
Denney,2021/09/22,cat
Galina,2021/10/23,snake
Brewer,2021/04/02,lizard
Grayce,2021/04/21,hamster
Wilmette,2021/10/24,cat
Cathe,2021/11/15,hamster
Carie,2021/02/12,lizard
Matthus,2021/11/02,bird
Haley,2021/11/12,lizard
Zara,2021/12/21,snake
Ruggiero,2021/11/03,hamster
Jessee,2021/04/11,bird
Darby,2021/08/10,bird
Boniface,2021/02/26,cat
Magdalen,2021/06/20,dog
Latisha,2021/02/02,dog
Lombard,2021/01/22,cat
Murielle,2021/02/24,bird
Yulma,2021/02/22,snake
Salvidor,2021/12/17,hamster
Freddie,2021/02/23,bird
Zorah,2021/05/08,cat
Josselyn,2021/06/08,dog
Donia,2021/02/25,bird
Cole,2021/07/24,lizard
Margaretta,2021/03/28,bird
Wainwright,2021/03/24,bird
Armin,2021/08/13,dog
Julita,2021/05/25,lizard
Robert,2021/04/22,hamster
Jacquelyn,2021/07/19,hamster
Estrellita,2021/02/17,hamster
Horatius,2021/12/11,lizard
Bradley,2021/12/12,snake
Margarita,2021/08/15,hamster
Aldwin,2021/10/28,lizard
Chanda,2021/04/09,lizard
Norah,2021/04/26,lizard
Blaine,2021/08/23,snake
Harwilll,2021/03/16,hamster
Raeann,2021/12/10,hamster
Chucho,2021/03/19,lizard
Megan,2021/02/06,cat
Paloma,2021/02/16,bird
Gae,2021/04/20,hamster
Ashien,2021/04/16,cat
Shaughn,2021/06/17,snake
Trumann,2021/11/03,hamster
Maximo,2021/04/02,bird
Trixie,2021/03/12,dog
Rolfe,2021/03/31,dog
Delainey,2021/12/15,snake
Miner,2021/01/08,lizard
Malanie,2021/03/01,hamster
Cicely,2021/01/23,bird
Justine,2021/02/24,lizard
Matty,2021/05/23,cat
Eolanda,2021/06/05,snake
Aleta,2021/06/22,bird
Filippo,2021/09/29,bird
Aurore,2021/01/09,hamster
Bartholomeo,2021/10/09,hamster
Torrie,2021/02/21,snake
Effie,2021/05/10,snake
Ezri,2021/08/01,dog
Caitlin,2021/11/29,dog
Sibby,2021/05/07,hamster
Herrick,2021/08/05,hamster
Thoma,2021/08/29,hamster
Nerti,2021/10/27,cat
Shalna,2021/06/26,cat
Ardine,2021/10/14,hamster
Marv,2021/07/19,snake
Charlotte,2021/09/01,lizard
Lidia,2021/04/12,cat
Glennie,2021/08/28,dog
Jameson,2021/03/07,cat
Grazia,2021/07/21,lizard
Ray,2021/10/19,bird
Brion,2021/07/30,lizard
Dame,2021/09/07,bird
Tynan,2021/05/06,bird
Rozanna,2021/12/11,hamster
Culley,2021/04/05,bird
Adorne,2021/08/15,lizard
Tabb,2021/07/13,cat
Dene,2021/04/02,dog
Jasmin,2021/08/26,dog
Staford,2021/11/17,hamster
Tana,2021/09/08,bird
Etheline,2021/10/02,cat
Zared,2021/01/11,dog
Chrotoem,2021/12/18,cat
Brad,2021/06/15,cat
Sutherlan,2021/09/18,dog
Conroy,2021/10/18,lizard
Muffin,2021/03/09,snake
Edie,2021/05/24,cat
Cleavland,2021/10/15,snake
Tim,2021/09/25,cat
Erinn,2021/05/15,dog
Kaspar,2021/01/25,bird
Melody,2021/02/13,dog
Marlyn,2021/02/21,bird
Pearline,2021/04/23,bird
Ebenezer,2021/05/10,cat
Klaus,2021/06/10,hamster
Corliss,2021/04/18,snake
Dennet,2021/08/22,lizard
Nananne,2021/06/16,snake
Quentin,2021/05/28,lizard
Dorri,2021/04/07,dog
