name,maker,expirationDate,type
Amoxicillin,Proficient Rx LP,2019/06/01,dog
"DROSERA ROTUNDIFOLIA, DROSERA INTERMEDIA, DROSERA ANGLICA, ERIODICTYON CALIFORNICUM FLOWERING TOP, GRINDELIA HIRSUTULA FLOWERING TOP, POTASSIUM IODIDE, SPONGIA OFFICINALIS SKELETON, ROASTED, LOBARIA PULMONARIA, TEUCRIUM SCORODONIA FLOWERING TOP, and VERBASCUM DENSIFLORUM FLOWERING TOP",Hevert Pharmaceuticals LLC,2020/12/07,bird
benzocaine and menthol,Combe Incorporated,2021/08/27,lizard
Buspirone Hydrochloride,Dr. Reddy's Laboratories Ltd,2021/02/07,dog
Sodium chloride,United Exchange Corp,2021/06/07,lizard
Pumpkin,"Nelco Laboratories, Inc.",2020/11/07,cat
sodium fluoride,3M ESPE Dental Products,2020/12/19,hamster
Phentolamine Mesylate,Bedford Laboratories,2020/10/30,hamster
"Coniferyl alcohol,",Apotheca Company,2021/06/07,snake
"Titanium Dioxide, Zinc Oxide, and Octinoxate",Ventura International LTD.,2020/12/09,lizard
povidone iodine,CareFusion 213 LLC,2021/12/02,dog
not applicable,BioActive Nutritional Inc.,2019/08/02,dog
Allergenic Extracts Alum Precipitated,"ALK-Abello, Inc.",2021/01/23,dog
Epinastine Hydrochloride,"Breckenridge Pharmaceutical, Inc.",2021/05/30,bird
Meprobamate,Heritage Pharmaceuticals Inc.,2019/09/08,lizard
Menthol,U.S.A. AH LLC,2021/07/08,bird
ATORVASTATIN CALCIUM,Unit Dose Services,2020/09/06,cat
Captopril,Bryant Ranch Prepack,2021/04/17,cat
Chloroprocaine Hydrochloride,"General Injectables & Vaccines, Inc",2022/01/08,lizard
leflunomide,Bryant Ranch Prepack,2022/03/31,cat
Metoclopramide Hydrochloride,Baxter Healthcare Corporation,2019/06/30,hamster
rifampin,"Lupin Pharmaceuticals, Inc.",2020/09/27,dog
Nicotine Polacrilex,Supervalu Inc,2019/08/17,dog
MINOXIDIL,Pure Source Inc.,2020/11/19,snake
Titanium dioxide,Laboratoires Biocos,2019/07/23,lizard
Alprazolam,Unit Dose Services,2019/12/27,bird
Triclocarban,VVF Illinois Services LLC,2021/08/31,snake
Propofol,"Teva Parenteral Medicines, Inc.",2019/07/26,cat
Naproxen Sodium,Cardinal Health (Leader) 49781,2020/04/11,dog
fexofenadine hydrochloride,"PD-Rx Pharmaceuticals, Inc.",2021/04/03,hamster
Aluminum Sesquichlorohydrate,Ventura Corporation LTD.,2021/12/20,lizard
Elm Chinese,"ALK-Abello, Inc.",2019/11/09,cat
Paroxetine hydrochloride,Cardinal Health,2020/10/05,hamster
Labetalol hydrochloride,Bryant Ranch Prepack,2022/04/20,dog
Promethazine Hydrochloride,A-S Medication Solutions LLC,2021/05/31,dog
Pyrithione Zinc,Wakefern Food Corp,2020/08/15,hamster
Topiramate,REMEDYREPACK INC.,2021/04/22,hamster
GLYCERIN,"Happy Sonic Global Co., Ltd.",2022/03/04,hamster
"Bacitracin Zinc, Neomycin, Polymyxin B Sulfate, Pramoxine Hydrochloride",Chain Drug Marketing Association Inc,2020/11/26,lizard
alcohol,The Clorox Company,2020/04/22,dog
Valproic Acid,Sun Pharmaceutical Industries Limited,2021/05/21,lizard
Alcohol,"Bath & Body Works, Inc.",2020/04/09,cat
FENTANYL,Apotex Corp.,2019/10/04,dog
"LIDOCAINE HYDROCHLORIDE, MENTHOL",Pharmaceutics Corporation,2021/07/28,snake
Ramipril,Cardinal Health,2022/04/21,cat
irbesartan and hydrochlorothiazide,"Physicians Total Care, Inc.",2019/08/20,lizard
"METHYL SALICYLATE, MENTHOL, CAPSAICIN",Unit Dose Services,2021/12/05,snake
"ASCORBIC ACID, CHOLECALCIFEROL, DL-.ALPHA.-TOCOPHEROL ACETATE, THIAMINE HYDROCHLORIDE, RIBOFLAVIN, NIACINAMIDE, PYRIDOXINE HYDROCHLORIDE, FOLIC ACID, CYANOCOBALAMIN, CALCIUM CARBONATE, FERROUS FUMARAT","Medecor Pharma, LLC",2022/03/01,snake
ZINC OXIDE and TITANIUM DIOXIDE,Jurlique International Pty. Ltd.,2019/08/31,cat
MIDAZOLAM HYDROCHLORIDE,Cardinal Health,2022/05/11,hamster
Dextroamphetamine Saccharate and Amphetamine Aspartate and Dextroamphetamine Sulfate and Amphetamine Sulfate,"Mallinckrodt, Inc.",2020/07/14,dog
benzethonium chloride and lidocaine,"Aero Healthcare, LLC.",2022/05/11,dog
azithromycin,Greenstone LLC,2022/01/27,snake
Titanium Dioxide and Zinc Oxide,"Tarte, Inc",2019/06/20,dog
Ethyl Alcohol,"Greenbrier International, Inc.",2022/06/05,hamster
"Ibuprofen, Pseudoephedrine Hydrochloride",Target Corporation,2020/11/10,snake
"famotidine, calcium carbonate and magnesium hydroxide",Wakefern Food Corporation,2020/05/30,dog
Hydralazine Hydrochloride,"Aphena Pharma Solutions - Tennessee, LLC",2022/07/12,bird
"Octinoxate, Octisalate, Zinc Oxide, Titanium Dioxide","ATOMY CO., LTD.",2020/10/04,bird
"Polyethylene Glycol-3350, Sodium Chloride, Potassium Chloride and Sodium Bicarbonate","GAVIS Pharmaceuticals, LLC",2021/06/14,lizard
spironolactone,Unit Dose Services,2021/07/22,dog
Hydroxyzine Hydrochloride,Rebel Distributors Corp,2021/03/31,hamster
TRICLOSAN,"Davion, Inc",2021/07/10,cat
OATMEAL,KAS Direct LLC dba BabyGanics,2021/07/24,bird
Amlodipine besylate,Hikma Pharmaceutical,2020/09/20,lizard
Oxygen,Advocate Home Care Products,2020/12/22,lizard
Octinoxate and Titanium Dioxide,Boots Retail USA Inc,2020/08/07,hamster
Nortriptyline Hydrochloride,"Taro Pharmaceuticals U.S.A., Inc.",2022/05/18,snake
Calamine and Zinc Oxide and Phenol,Amerisource Bergen,2019/08/10,cat
Glycerin,"CVS PHARMACY, INC.",2020/06/09,lizard
Almond,"Antigen Laboratories, Inc.",2022/05/15,hamster
Tolnaftate,"MSD Consumer Care, Inc.",2020/04/30,bird
Triclosan,Procter & Gamble Manufacturing Company,2022/04/25,bird
Ropinirole Hydrochloride,American Health Packaging,2022/05/06,bird
polyethylene glycol (3350),CRH Medical Corporation,2022/05/01,dog
isopropyl alcohol,"Medline Industries, Inc.",2021/09/10,hamster
Valproate Sodium,AbbVie Inc.,2022/04/18,snake
Triclosan,Family Dollar Services Inc.,2021/07/23,cat
Turpentine,"Humco Holding Group, Inc.",2019/08/10,bird
"Aconitum Napellus, Bryonia Alba, Geranium Maculatum, Hypericum",Wise Consumer Products,2021/09/16,cat
risperidone,Cardinal Health,2019/06/10,bird
Chamomilla and Mercurius Solubilis and Sulphur,Similasan Corporation,2020/07/27,snake
LISINOPRIL AND HYDROCHLOROTHIAZIDE,REMEDYREPACK INC.,2019/08/05,hamster
"Acetaminophen, Aspirin and Caffeine","Western Family Foods, Inc.",2020/02/07,cat
DIPHENHYDRAMINE HYDROCHLORIDE,"Hospira, Inc.",2020/10/20,snake
ALUMINUM CHLOROHYDRATE,Mission Hills S.A de C.V,2019/06/29,dog
"AVOBENZONE, OCTOCRYLENE, OXYBENZONE",Meijer Distribution Inc,2020/09/04,bird
Sodium Fluoride,"Johnson & Johnson Healthcare Products, Division of McNEIL-PPC, Inc.",2022/03/30,cat
Benzocaine,Darby Dental Supply LLC,2021/02/21,snake
Doxycycline,Ranbaxy Pharmaceuticals Inc.,2019/11/10,bird
"Agnus castus, Ambra grisea, Conium maculatum, Apiolum, Estradiol, Estriol, Folliculinum, Ldopa, Melatonin, Testosterone, Alpha-lipoicum acidum,","Deseret Biologicals, Inc.",2021/07/03,lizard
TRICLOSAN,Dukal Corporation,2020/09/15,hamster
"Avobenzone, Octocrylene",Merle Norman,2021/11/28,lizard
Olanzapine,REMEDYREPACK INC.,2021/04/27,bird
Camphor,Target,2021/05/17,bird
APIS MELLIFERA and CYNANCHUM VINCETOXICUM LEAF and ATROPA BELLADONNA and CALENDULA OFFICINALIS FLOWERING TOP and ECHINACEA PURPUREA and PHYTOLACCA AMERICANA ROOT and PLANTAGO MAJOR and SAGE,Biologische Heilmittel Heel,2019/08/29,bird
Hydrochlorothiazide,Heritage Pharmaceuticals Inc.,2020/11/07,snake
methazolamide,Fera Pharmaceuticals,2021/05/23,hamster
Aluminum Sesquichlorohydrate,Ventura Corporation LTD.,2020/11/27,lizard
"Butalbital, Acetaminophen, and Caffeine",Mirror Pharmaceuticals LLC,2019/09/12,hamster
Drospirenone and Ethinyl Estradiol,Sandoz Inc,2020/06/20,lizard
Salicylic acid,The Mentholatum Company,2020/05/26,cat
NABUMETONE,STAT Rx USA LLC,2021/06/22,cat
"Benzocaine, Camphor, Phenol",Wisconsin Pharmacal Company,2022/07/02,cat
Clorazepate Dipotassium,"Taro Pharmaceuticals U.S.A., Inc.",2020/08/20,lizard
TITANIUM DIOXIDE,"THEFACESHOP CO., LTD.",2020/11/22,lizard
Olanzapine,Aurobindo Pharma Limited,2021/08/09,cat
Morphine sulfate,Actavis Elizabeth LLC,2022/05/22,bird
"Avobenzone, Homosalate, Octisalate","Solazyme, Inc.",2020/10/10,bird
Pyrithione Zinc,Conopco Inc. d/b/a Unilever,2021/09/12,lizard
Phenylephrine hydrochloride,"Novartis Consumer Health, Inc.",2020/08/08,cat
Cyclobenzaprine Hydrochloride,"Preferred Pharmaceuticals, Inc.",2021/12/26,lizard
Octinoxate,"Elizabeth Arden, Inc",2022/02/18,snake
calcium carbonate,McKesson,2021/07/27,snake
Stemphylium sarciniforms,"Nelco Laboratories, Inc.",2021/03/09,dog
Hydrocortisone Acetate,"Bioelements, Inc.",2021/01/11,bird
Topiramate,"Glenmark Generics Inc., USA",2019/12/23,lizard
ZzzQuil,"Dolgencorp, Inc. (DOLLAR GENERAL & REXALL)",2019/07/07,bird
Aluminum Sesquichlorohydrate,Ventura Corporation Ltd.,2021/03/02,hamster
Prochlorperazine Maleate,Rebel Distributors Corp,2021/04/08,cat
Glyburide,Mylan Institutional Inc.,2020/10/07,snake
Pulmo 8,Uriel Pharmacy Inc.,2022/05/31,cat
"Dextrose Monohydrate, Sodium Chloride, Calcium Chloride, Magnesium Chloride, Sodium Lactate",Fresenius Medical Care North America,2021/12/19,snake
benzocaine,Cintas First Aid & Safety,2020/10/29,cat
Bupropion hydrochloride,Unit Dose Services,2019/08/23,hamster
Simethicone,Topco Associates LLC,2020/04/16,dog
Homeopathic Liquid,Energetix Corp,2021/03/09,bird
perphenazine,Clinical Solutions Wholesale,2022/05/19,dog
Fluconazole,Lake Erie Medical & Surgical Supply DBA Quality Care Products LLC,2021/11/26,dog
Ondansetron,Sandoz Inc,2021/12/04,lizard
IRBESARTAN,Bryant Ranch Prepack,2021/03/08,bird
Clonazepam,Barr Laboratories Inc.,2019/08/01,lizard
"Mineral oil, Petrolatum, Phenylephrine HCl, Shark liver oil",Topco Associates LLC,2021/04/21,bird
"aluminum hydroxide, magnesium hydroxide, dimethicone","Preferred Pharmaceuticals, Inc.",2022/01/19,dog
simvastatin,"Physicians Total Care, Inc.",2021/05/01,snake
LIDOCAINE HYDROCHLORIDE,Meijer Distribution Inc,2020/04/02,dog
Filgrastim,Amgen Inc,2019/07/20,snake
Vandetanib,AstraZeneca Pharmaceuticals LP,2019/08/11,lizard
Calcitriol,Heritage Pharmaceuticals Inc,2020/10/29,dog
Herring,"Antigen Laboratories, Inc.",2022/03/02,dog
guanfacine hydrochloride,"Promius Pharma, LLC",2019/09/12,hamster
HYOSCYAMINE SULFATE,"EDWARDS PHARMACEUTICALS, INC.",2021/04/15,dog
donepezil hydrochloride,Mylan Pharmaceuticals Inc.,2021/01/19,dog
"Camphor, Menthol, Methyl Salicylate",Henan Lingrui Pharmaceutical Co.; Ltd,2020/11/30,dog
fentanyl,"Physicians Total Care, Inc.",2020/06/28,snake
Sodium Fluoride,"Zila Therapeutics, Inc.",2021/03/24,dog
allopurinol,"Aphena Pharma Solutions - Tennessee, Inc.",2019/09/03,dog
Desogestrel/Ethinyl Estradiol and Ethinyl Estradiol,"Teva Women's Health, Inc.",2022/02/28,cat
TOBRAMYCIN SULFATE,"Fresenius Kabi USA, LLC",2022/07/08,dog
naproxen,"Genentech, Inc.",2021/02/03,dog
peginterferon alfa-2b,Merck Sharp & Dohme Corp.,2020/03/27,dog
Candida albicans,Jubilant HollisterStier LLC,2021/05/03,dog
Minoxidil,Wal-Mart Stores Inc,2020/03/11,dog
Hydroquinone,Biocosmetic Research Labs,2020/05/17,snake
Titanium dioxide,"SHISEIDO CO., LTD.",2019/07/26,bird
Oxygen,Lubbock Oxygen & Medical Gases Inc.,2020/01/30,snake
PYRITHIONE ZINC,Market Basket,2019/07/10,lizard
Aluminum Chlorohydrate,"Avon Products, Inc.",2019/10/10,cat
"Ash, White Fraxinus americana",Jubilant HollisterStier LLC,2022/01/17,cat
Trichophyton rubrum,"Antigen Laboratories, Inc.",2020/03/06,bird
Sodium Thiosulfate,Hope Pharmaceuticals,2021/04/02,bird
Lansoprazole,Kinray,2021/11/28,lizard
Triclosan,"SJ Creations, Inc.",2022/05/09,bird
"STARCH, CORN","McNEIL-PPC, Inc.",2021/10/07,bird
Ribavirin,Cadila Healthcare Limited,2022/04/27,cat
Silver Sulfadiazine,REMEDYREPACK INC.,2019/07/07,cat
Doxycycline,Ranbaxy Pharmaceuticals Inc.,2019/09/08,lizard
Acetaminophen,"New World Imports, Inc",2019/08/13,cat
Nicotine Polacrilex,H E B,2021/05/30,dog
Titanium Dioxide,Sicos Et Cie (Lancome),2020/09/17,lizard
Titanium dioxide,SHISEIDO AMERICAS CORPORATION,2020/04/12,dog
Prenatal Supplement,"Everett Laboratories, Inc.",2020/10/09,lizard
Loperamide Hydrochloride,American Sales Company,2021/12/12,hamster
nitroglycerin,Mylan Pharmaceuticals Inc.,2021/06/28,snake
"DEXTROSE, SODIUM CHLORIDE, and POTASSIUM CHLORIDE",B. Braun Medical Inc.,2019/10/18,hamster
Acetaminophen,"Conney Safety Products, LLC",2020/09/11,dog
thiothixene,State of Florida DOH Central Pharmacy,2021/08/29,lizard
Hydroxyzine,"Golden State Medical Supply, Inc.",2019/08/29,hamster
Clonazepam,"Genentech, Inc.",2021/06/19,dog
Calcium carbonate,Pro-ventas S.A. de C.V.,2022/06/28,snake
ONDANSETRON,Clinical Solutions Wholesale,2022/07/21,bird
Zaleplon,Mylan Pharmaceuticals Inc.,2020/04/19,bird
Ondansetron,"Glenmark Generics Inc., USA",2020/08/24,hamster
adenosine,"Medon Co., Ltd",2020/05/19,snake
Treatment Set TS345476,"Antigen Laboratories, Inc.",2020/04/08,hamster
"Silver nitrate, Avena sativa flowering top, Turnera diffusa leafy twig, Lycopodium clavatum spore, Phosphoric acid, and Selenium",Pharmadel LLC,2020/05/21,bird
"Lanolin, Petrolatum",Meijer,2020/12/19,dog
Fremont Cottonwood,"Nelco Laboratories, Inc.",2019/08/13,lizard
Mesalamine,Franklin Pharmaceutical LLC,2020/07/06,cat
Gerbil Epithelium,"Nelco Laboratories, Inc.",2021/08/28,snake
"Hydroquinone, Octinoxate,and Zinc Oxide","OMP, INC.",2021/11/10,snake
ETHYL ALCOHOL,CVS PHARMACY,2021/02/13,snake
"AVOBENZONE, OCTOCRYLENE, OXYBENZONE",Energizer Personal Care LLC,2019/09/22,cat
"Dextromethorphan, Guaifenesin, Phenylephrine","WOONSOCKET PRESCRIPTION CENTER,INCORPORATED",2022/03/24,cat
"Octinoxate, Octisalate, and Titanium Dioxide",Neutrogena Corporation,2021/07/30,cat
Salicylic Acid,Reckitt Benckiser LLC,2019/11/26,snake
Divalproex Sodium,AbbVie Inc.,2022/03/25,lizard
FENTANYL,Mylan Pharmaceuticals Inc.,2022/03/01,snake
Oxygen,"DJB Gas Services, Inc",2022/04/30,bird
propranolol hydrochloride,Mylan Pharmaceuticals Inc.,2020/09/29,hamster
LIDOCAINE HYDROCHLORIDE ANHYDROUS,"US MedSource, LLC",2020/04/29,lizard
Active Corn Starch,"Cardinal Health, Inc",2022/04/23,lizard
Ibuprofen,"H.J. Harkins Company, Inc.",2022/07/16,hamster
Iris germanica comp.,Uriel Pharmacy Inc.,2020/12/28,bird
Homeopathic Liquid,Energetix Corp,2019/12/20,bird
hydrocortisone acetate and lidocaine hydrochloride,"Avion Pharmaceuticals, LLC",2019/08/29,hamster
Sodium Fluoride,"Dharma Research, inc.",2020/04/21,snake
"acetaminophen, dextromethorphan HBr, doxylamine succinate, phenylephrine HCl",Western Family Foods Inc,2021/05/24,lizard
"Avobenzone, Homosalate, Octisalate and Octocrylene",L'Oreal USA Products Inc,2019/06/20,hamster
California Live Oak Coast,"ALK-Abello, Inc.",2020/01/04,cat
Acetaminophen,Target Corporation,2020/10/18,hamster
Ethyl Alcohol,Ecolab Inc.,2022/02/02,dog
Diphenhydramine Hydrochloride,"Dolgencorp, Inc. (DOLLAR GENERAL)",2020/05/25,snake
"hydrocodone bitartrate, ibuprofen","Hawthorn Pharmaceuticals, Inc.",2020/04/06,snake
"salicylic acid, niacinamide","Ecomine Co., Ltd.",2020/01/24,snake
Cefazolin,Apotex Corp,2021/10/25,lizard
"Acetaminophen, Dextromethorphan HBr, Doxylamine Succinate",WALGREEN CO.,2020/01/01,bird
Alcohol hand sanitizer,Ecolab Inc.,2022/03/16,bird
Ibuprofen,REMEDYREPACK INC.,2020/02/22,snake
imipenem and cilastatin sodium,Cardinal Health,2020/03/16,bird
"Arnica 30c, Causticum 30c, Conium Mac 30c, Gelsemium 30c, Helleborus 30c, Ignatia 30c, Lathyrus 30c, Opium 30c",Home Sweet Homeopathics,2022/05/13,snake
Losartan Potassium,St Marys Medical Park Pharmacy,2022/03/22,cat
Quinidine Sulfate,Carilion Materials Management,2019/06/01,lizard
"COCOA BUTTER, PHENYLEPHRINE HYDROCHLORIDE","Chain Drug Marketing Association, Inc.",2021/08/06,hamster
populus nigra pollen,"Allergy Laboratories, Inc.",2020/08/30,dog
DIMETHICONE,"NATURE REPUBLIC CO., LTD.",2021/08/09,snake
Bumetanide,"Physicians Total Care, Inc.",2020/02/16,snake
OXYBENZONE,"Hangzhou Facecare Cosmetics Co., Ltd.",2021/04/12,lizard
Pantoprazole Sodium,"Preferred Pharmaceuticals, Inc.",2021/08/29,dog
"Homosalate, Octinoxate, Oxybenzone, Avobenzone","Avon Products, Inc",2020/08/31,snake
"Myosotis Arvensis, Scrophularia Nodosa, Teucrium Scorodonia, Veronica Officinalis, Equisetum Arvense, Fumaria Officinalis, Geranium Robertianum, Nasturtium Aquaticum","Deseret Biologicals, Inc.",2022/01/04,cat
GEMCITABINE HYDROCHLORIDE,"Hospira, Inc.",2020/10/02,dog
Water,Bel-Art Products,2022/06/24,lizard
LISINOPRIL AND HYDROCHLOROTHIAZIDE,REMEDYREPACK INC.,2020/02/23,hamster
Cabbage,"ALK-Abello, Inc.",2021/06/24,snake
Levetiracetam,Apotex Corp.,2021/05/02,bird
Phenylephrine Hydrochloride,National Distribution Network (Smart Choice),2020/02/01,hamster
Triclosan,"SJ Creations, Inc.",2020/05/29,cat
Norethindrone Acetate and Ethinyl Estradiol,"Physicians Total Care, Inc.",2021/11/21,dog
Calamine 8% and Zinc Oxide 8%,Chain Drug Market Association,2021/12/20,snake
Phoma glomerata,"Nelco Laboratories, Inc.",2019/07/08,dog
ATORVASTATIN CALCIUM,Bryant Ranch Prepack,2019/12/06,bird
clomipramine hydrochloride,Mylan Pharmaceuticals Inc.,2020/01/20,bird
VANCOMYCIN HYDROCHLORIDE,Baxter Healthcare Corporation,2021/08/10,hamster
Oxygen,"All American Medical Equipment, Inc.",2021/05/24,lizard
Octinoxate and Oxybenzone,"Ventura Corporation (San Juan, P.R)",2019/08/02,hamster
ALCOHOL,"Bolero Home Decor, Inc.",2019/10/26,cat
Benzocaine,CVS Pharmacy,2021/07/20,hamster
"Octinoxate ,Meradimate","Gurwitch Products, L.L.C.",2019/06/12,hamster
Bumetanide,Teva Pharmaceuticals USA Inc,2022/06/30,bird
Enoxaparin sodium,"Amphastar Pharmaceuticals, Inc.",2022/04/20,dog
loratadine,"Novartis Consumer Health, Inc.",2020/08/27,cat
Guaifenesin and Phenylephrine HCl,Major Pharmaceuticals,2020/09/15,lizard
Omeprazole,Dr. Reddy's Laboratories Limited,2019/10/23,snake
"COLOCYNTHIS, MAGNESIA PHOSPHORICA, CHAMOMILLA, DIOSCOREA VILLOSA",HOMEOLAB USA INC,2020/05/20,dog
LATANOPROST,"Akorn, Inc.",2022/01/05,bird
Aspirin,"Ajes Pharmaceuticals,LLC",2022/03/15,hamster
"OCTINOXATE, TITANIUM DIOXIDE, OCTISALATE, and OXYBENZONE","Elizabeth Arden, Inc",2020/04/16,cat
Promethazine Hydrochloride,Qualitest Pharmaceuticals,2020/07/08,snake
Disopyramide Phosphate,"Watson Laboratories, Inc.",2021/12/30,lizard
Lovastatin,"Golden State Medical Supply, Inc.",2021/09/27,lizard
"acetaminophen, dextromethorphan hydrobromide and doxylamine succinate",CVS Pharmacy,2019/11/14,hamster
Escitalopram Oxalate,Jubilant Cadista Pharmaceuticals Inc.,2022/07/15,snake
Losartan potassium and Hydrochlorothiazide,Macleods Pharmaceuticals Limited,2020/09/09,bird
"Avobenzone 2.5%, Octinoxate 6%, Oxybenzone 3%",Melaleuca Inc.,2019/05/29,dog
lamivudine,"Golden State Medical Supply, Inc.",2022/02/16,lizard
HYDROCHLOROTHIAZIDE,St Marys Medical Park Pharmacy,2019/08/16,lizard
Oxygen,Jim's Pharmacy,2021/03/26,cat
Benzocaine,Patterson Dental Supply Inc,2020/07/31,lizard
Loratadine,"Innovative Manufacturing and Distribution Services, Inc.",2021/08/21,snake
Clotrimazole,"Taro Pharmaceuticals U.S.A., Inc.",2021/03/12,dog
Chloroxylenol,"Best Sanitizers, Inc",2022/07/07,cat
"OCTINOXATE, TITANIUM DIOXIDE",Lancaster S.A.M.,2020/06/19,lizard
Alternaria alternata,"Nelco Laboratories, Inc.",2022/05/03,hamster
Titanium Dioxide,Neutrogena Corporation,2020/12/15,bird
Diltiazem Hydrochloride,Valeant Pharmaceuticals North America LLC,2019/10/28,hamster
warfarin sodium,REMEDYREPACK INC.,2021/01/08,bird
Alcohol,"Bath & Body Works, Inc.",2020/10/09,hamster
Benazepril Hydrochloride,"Solco healthcare U.S., LLC",2021/12/17,hamster
Warfarin Sodium,Camber Pharmaceuticals,2021/12/16,dog
Salicylic Acid,Lange SAS,2019/09/25,snake
Quartz Nicotiana Special Order,Uriel Pharmacy Inc.,2021/05/20,bird
Fentanyl,"Watson Laboratories, Inc.",2021/08/25,lizard
CITALOPRAM,"International Labs, Inc.",2021/02/10,lizard
ONION,Remedy Makers,2020/06/02,dog
"Polyethylene Glycol-3350, Sodium Chloride, Potassium Chloride and Sodium Bicarbonate","GAVIS Pharmaceuticals, LLC",2020/12/26,hamster
Bacitracin Zinc,GERITREX CORP,2020/04/18,lizard
Octinoxate and Oxybenzone,Ventura International LTD.,2022/07/10,hamster
DICLOFENAC POTASSIUM,"APOTHECA, INC",2020/09/05,hamster
azacitidine,Sandoz Inc,2020/06/20,dog
obinutuzumab,"Genentech, Inc.",2021/11/01,lizard
Sertraline Hydrochloride,Ranbaxy Pharmaceuticals Inc.,2019/08/19,lizard
POTASSIUM CARBONATE,Washington Homeopathic Products,2020/01/22,hamster
Ibuprofen,HyVee Inc,2020/02/24,snake
Titanium Dioxide,"Bare Escentuals Beauty, Inc.",2020/04/11,hamster
Hydroquinone,Perrigo New York Inc,2021/03/30,dog
Omeprazole,Zydus Pharmaceuticals (USA) Inc.,2019/10/25,dog
Guaifenesin and Phenylephrine HCl,Major Pharmaceuticals,2022/05/08,bird
Simvastatin,Cardinal Health,2020/07/08,cat
Octocrylene and Oxybenzone and Avobenzone,"Accra-Pac, Inc.",2020/08/28,snake
escitalopram,Mylan Pharmaceuticals Inc.,2022/05/23,snake
OCTINOXATE,Zenith Medicosm SL,2020/09/23,lizard
"DOCUSATE SODIUM, SENNOSIDES",McKesson,2020/10/08,bird
Doxycycline hyclate,Cardinal Health,2019/12/04,snake
Naproxen sodium,Safeway,2020/06/18,hamster
"benzethonium chloride, benzocaine, and menthol","Aero Healthcare, LLC.",2020/02/29,snake
VANCOMYCIN HYDROCHLORIDE,"Hospira, Inc.",2020/05/22,dog
Oxygen,"Advanced Medical Equipment, LLC",2021/07/24,lizard
Triclosan,"SJ Creations, Inc.",2019/05/29,dog
"LIDOCAINE HYDROCHLORIDE, MENTHOL",Pharmaceutics Corporation,2020/04/11,dog
digoxin,Rx Pak Division of McKesson Corporation,2022/07/08,snake
"Octinoxate, Titanium Dioxide","Merle Norman Cosmetics, Inc",2021/06/07,snake
"COLOCYNTHIS, MAGNESIA PHOSPHORICA, CHAMOMILLA, DIOSCOREA VILLOSA",CVS PHARMACY,2019/11/28,bird
anastrozole,Mylan Pharmaceuticals Inc.,2022/07/03,lizard
Cetirizine Hydrochloride,Topco Associates LLC,2019/08/08,hamster
Magnesium hydroxide,"Dolgencorp, LLC",2020/01/18,hamster
OXYGEN,Cranston Welding Supply Company,2020/08/17,lizard
phentermine and topiramate,"Vivus, Inc.",2020/01/17,bird
Ibuprofen,Meijer Distribution Inc,2021/12/28,hamster
"Dextromethorphan HBr, Guaifenesin",Gadal Laboratories Inc,2020/02/01,snake
Ribavirin,Teva Pharmaceuticals USA Inc,2020/08/02,snake
zolpidem tartrate,Unit Dose Services,2021/01/01,bird
SILVER SULFADIAZINE,A-S Medication Solutions LLC,2021/06/26,cat
"Avobenzone, Octocrylene, and Oxybenzone","Prime Enterprises, Inc.",2022/02/23,lizard
diltiazem hydrochloride,Cardinal Health,2021/03/05,lizard
Valacyclovir Hydrochloride,State of Florida DOH Central Pharmacy,2020/07/20,cat
propafenone hydrochloride,GlaxoSmithKline LLC,2019/12/13,dog
"OCTINOXATE, TITANIUM DIOXIDE, and ZINC OXIDE",AMOREPACIFIC,2022/06/25,dog
Menthol,"Dah Wei Chem & Pharm Co., Ltd.",2021/06/13,bird
propafenone hydrochloride,Rebel Distributors Corp,2020/05/27,cat
Anticoagulant Citrate Phosphate Dextrose Adenine,"Fenwal, Inc.",2022/03/04,hamster
"Echinacea (Angustifolia), Hydrastis canadensis, Tabebuia impetiginosa, Glandula suprarenalis suis, Thymus(suis), Thyroidinum (suis), Arsenicum album,","BioActive Nutritional, Inc.",2020/12/31,lizard
White Oak,"Antigen Laboratories, Inc.",2022/05/07,bird
"Acetaminophen, Dextromethorphan Hydrobromide, Doxylamine Succinate","Dolgencorp, Inc. (DOLLAR GENERAL & REXALL)",2020/08/21,hamster
Fluphenazine Hydrochloride,"NCS HealthCare of KY, Inc dba Vangard Labs",2020/11/03,hamster
"Piperonyl Butoxide, Pyrethrum Extract",Cardinal Health,2020/11/14,bird
MESALAMINE,REMEDYREPACK INC.,2021/11/25,hamster
Hydrocortisone Acetate,"Bioelements, Inc.",2019/07/06,snake
CHLOROXYLENOL,Seatex Ltd,2020/01/19,bird
telmisartan,"Boehringer Ingelheim Pharmaceuticals, Inc.",2019/09/30,bird
Alternaria alternata,"Antigen Laboratories, Inc.",2021/08/04,snake
olanzapine,Mylan Institutional Inc.,2022/01/20,cat
acetaminophen and codeine phosphate,RedPharm Drug Inc.,2019/08/02,hamster
Aluminum Zirconium Tetrachlorohydrex GLY,Conopco Inc. d/b/a Unilever,2022/04/24,lizard
Tramadol Hydrochloride and Acetaminophen,Cadila Healthcare Limited,2020/12/05,lizard
"Calcium citrate, Iron pentacarbonyl, Cholecalciferol, .Alpha.-Tocopherol, Dl-, Pyridoxine hydrochloride, Folic Acid, Docusate Sodium, and Doconexent",Mission Pharmacal Company,2020/12/10,dog
"Acetaminophen, Dextromethorphan Hydrobromide, Doxylamine Succinate",L Perrigo Company,2021/11/05,lizard
acetaminophen and codeine phosphate,"Preferred Pharmaceuticals, Inc.",2019/10/26,dog
PYRITHIONE ZINC,Market Basket,2021/09/19,cat
Ibuprofen,"Healthy Accents (DZA Brands, LLC)",2022/04/26,lizard
"DEXTROMETHORPHAN HYDROBROMIDE, GUAIFENESIN, and PHENYLEPHRINE HYDROCHLORIDE",Richmond Division of Wyeth,2020/11/26,dog
Atomoxetine hydrochloride,Sandoz Inc,2020/10/06,dog
tizanidine,"Blenheim Pharmacal, Inc.",2022/03/04,cat
Sildenafil citrate,Northstar RxLLC,2020/04/01,cat
ETHYL ALCOHOL,"Ningbo Dowland Daily Health Co., Ltd",2020/07/07,bird
Bethanechol Chloride,Pliva Inc.,2020/05/26,bird
calcium carbonate,The Kroger Co.,2019/05/29,snake
"Grindelia, Melatonin, Passiflora Incarnata",Alternative Pharmacy,2020/06/29,bird
"Antimonium crudum, Arsenicum album, Cinchona officinalis, Colocynthis, Gambogia, Gentiana lutea, Magnesia phosphorica, Natrum sulphuricum, Nux vomica, Phosphorus",New Sun Inc.,2019/10/15,snake
Nateglinide,Dr. Reddy's Laboratories Limited,2019/07/13,lizard
nifedipine,"Aphena Pharma Solutions - Tennessee, LLC",2019/08/11,lizard
Aluminum zirconium tetrachlorohydrex gly,Colgate-Palmolive Company,2022/05/25,cat
Omeprazole,Sam's West Inc,2022/06/03,snake
telmisartan,Zydus Pharmaceuticals (USA) Inc.,2020/04/26,snake
Indomethacin,REMEDYREPACK INC.,2020/07/31,snake
Glycerin,"AMI Cosmetic Co.,Ltd.",2020/08/19,snake
norgestimate and ethinyl estradiol,Barr Laboratories Inc.,2021/05/27,lizard
Ibuprofen,H E B,2020/11/22,dog
quetiapine fumarate,"Aphena Pharma Solutions - Tennessee, LLC",2020/09/04,dog
DIGOXIN,"Global Pharmaceuticals, Division of Impax Laboratories Inc.",2020/06/30,cat
Sodium Fluoride,Procter & Gamble Manufacturing Company,2021/02/21,snake
"ammonia, camphor (natural), menthol","KINKANDO CO., LTD.",2021/06/01,lizard
oxiconazole nitrate,"PharmaDerm, A division of Nycomed US Inc.",2022/06/20,cat
Miconazole nitrate,Kmart Corporation,2020/08/28,cat
MENTHOL,TROY MANUFACTURING,2020/01/25,snake
"THYROID, PORCINE","PD-Rx Pharmaceuticals, Inc.",2021/03/17,snake
metoprolol tartrate,Mylan Institutional Inc.,2021/03/24,dog
Scrub Pine,"Nelco Laboratories, Inc.",2022/03/03,cat
losartan potassium,Merck Sharp & Dohme Corp.,2021/12/13,dog
Morphine sulfate,Actavis Elizabeth LLC,2020/03/10,snake
Trimethobenzamide Hydrochloride,REMEDYREPACK INC.,2019/06/22,bird
Ranitidine,Preferred Plus (Kinray),2019/12/07,hamster
Propranolol Hydrochloride,Pliva Inc.,2021/02/14,bird
Ranitidine,Chain Drug Marketing Association Inc.,2019/07/03,bird
Camphor,Ranir LLC,2022/06/22,snake
Oxygen,"Lehigh Valley Respiratory Care, Lancaster",2020/05/28,snake
METHOTREXATE,Rebel Distributors Corp,2020/04/25,snake
Grapefruit,"Nelco Laboratories, Inc.",2020/09/03,snake
dimethicone,Sage Products Inc.,2020/05/01,snake
spironolactone,Cardinal Health,2021/12/27,snake
Atropine Sulfate,"General Injectables & Vaccines, Inc",2020/09/05,lizard
Pilocarpine Hydrochloride,KAISER FOUNDATION HOSPITALS,2021/04/01,snake
Antacid and Pain Reliever,"Bristol-Myers Squibb de Mexico, S. de R.L. de C.V.",2021/11/16,cat
Meclizine Hydrochloride,AvPAK,2021/01/27,cat
omega-3-acid ethyl esters A,Trygg Pharma Inc,2019/10/22,bird
"Salicylic Acid, Niacinamide, Menthol",Revamp International Pte. Ltd.,2020/04/23,bird
lettuce,"Allergy Laboratories, Inc.",2021/02/08,dog
Diclofenac Sodium,Unit Dose Services,2021/03/08,snake
"Bismuthum metallicum, Antimon.crud., Arg. nit., Arsenicum alb., Baptisia, Bryonia, Chamomilla, Cinchona, Iris versicolor, Kali bic., Lachesis, Lycopodium, Mag. carb., Nux vom., Phosphorus, Podoph. pelt., Pulsatilla, Raphanus, Rhus toxicodendron, Tabacum, Verbascum, Zingiber, Echinacea, Juglans regia.","Newton Laboratories, Inc.",2020/02/08,snake
Allergenic Extracts Alum Precipitated,"ALK-Abello, Inc.",2020/04/28,bird
Diclofenac Sodium and Misoprostol,"Watson Laboratories, Inc.",2020/09/05,dog
Guaifenesin,L Perrigo Company,2022/01/24,lizard
Aspirin,"WOONSOCKET PRESCRIPTION CENTER,INCORPORATED",2021/06/25,snake
"AVOBENZONE, HOMOSALATE, OCTISALATE, OCTOCRYLENE","Rituals Cosmetics USA, Inc.",2020/04/07,cat
doxazosin mesylate,Mylan Pharmaceuticals Inc.,2021/02/28,snake
Captopril,"Physicians Total Care, Inc.",2022/06/15,lizard
candida parapsilosis,Syntrion GmbH,2022/04/11,cat
Desmopressin Acetate,"Physicians Total Care, Inc.",2020/04/06,lizard
guanfacine,Shire US Manufacturing Inc.,2021/02/11,cat
Monobasic Sodium Phosphate and Dibasic Sodium Phosphate,"Novel Laboratories, Inc.",2021/04/08,lizard
Trichophyton mentagrophytes,"Nelco Laboratories, Inc.",2022/01/21,bird
"OCTINOXATE, TITANIUM DIOXIDE, and ZINC OXIDE",AMOREPACIFIC,2021/12/19,lizard
Griseofulvin,Qualitest Pharmaceuticals,2019/06/06,cat
"Baryta carbonica, Calcarea carbonica, Ignatia amara, Lycopodium clavatum, Magnesia carbonica, Natrum carbonicum, Natrum muriaticum and Thuja occidentalis",King Bio Inc.,2022/03/27,dog
Guaifenesin,Mckesson,2021/11/30,bird
Metoclopramide Hydrochloride,Cardinal Health,2021/03/15,hamster
"Acetaminophen, Dextromethorphan HBr, Doxylamine succinate, Phenylephrine HCl",Western Family Foods Inc,2020/05/28,lizard
Furosemide,"General Injectables & Vaccines, Inc",2020/06/21,hamster
"Diphenhydramine citrate, Ibuprofen",Walgreen Company,2020/11/22,lizard
Cotton,"Nelco Laboratories, Inc.",2020/01/25,hamster
Hydrocodone Bitartrate And Acetaminophen,A-S Medication Solutions LLC,2019/10/27,lizard
"Avobenzone, Octisalate, Zinc Oxide, Octinoxate, and Oxybenzone",Ventura Corporation LTD,2019/10/13,cat
"Octinoxate, Octisalate, Octocrylene, Oxybenzone, and Titanium dioxide",Ventura Corporation Ltd.,2020/06/29,dog
Naproxen,"Blenheim Pharmacal, Inc.",2021/12/12,hamster
Lamotrigine,Teva Pharmaceuticals USA Inc,2021/06/27,hamster
Leucovorin Calcium,REMEDYREPACK INC.,2020/09/30,hamster
metoprolol succinate and hydrochlorothiazide,Covis Pharmaceuticals Inc,2021/02/12,hamster
"Dimethicone, Octinoxate, and Oxybenzone",Blistex Inc.,2019/06/17,dog
POTASSIUM CHLORIDE,State of Florida DOH Central Pharmacy,2020/06/28,bird
Dorzolamide Hydrochloride and Timolol Maleate,"Akorn, Inc.",2021/05/16,snake
"Allium sativum, Anacardium orientale, Apis mellifica, Gambogia, Mercurius solubilis, Natrum carbonicum, Nitricum acidum, Nux vomica, Phosphorus, Pulsatilla and Sulphur",King Bio Inc.,2020/08/20,lizard
Zinc Oxide,Shield Line LLC,2020/02/15,dog
"SUNSCREEN, TITANIUM DIOXIDE",Sunrider Manufacturing L.P.,2020/12/08,snake
hydralazine hydrochloride,Mylan Pharmaceuticals Inc.,2021/08/23,snake
Triclosan,"SJ Creations, Inc.",2020/11/29,hamster
"Avobenzone , Octinoxate and Octisalate",BCM Ltd,2020/01/13,lizard
Morphine Sulfate,Bryant Ranch Prepack,2022/03/12,bird
Alcohol,"Bath & Body Works, Inc.",2021/07/30,bird
Alcohol,Wal-Mart Stores Inc.,2021/09/26,dog
codeine phosphate and guaifenesin,"Preferred Pharmaceuticals, Inc",2019/12/19,bird
Carob,"Antigen Laboratories, Inc.",2020/05/15,dog
Bismuth Subsalicylate,Pharmadel LLC,2022/01/30,dog
povidone-iodine,Qualitest Pharmaceuticals,2020/09/11,snake
rizatriptan benzoate,Mylan Pharmaceuticals Inc.,2022/05/05,bird
POVIDONE-IODINE,Geritrex Corp.,2022/04/05,hamster
Lorazepam,American Health Packaging,2020/10/17,snake
Acetaminophen,Rite Aid Corporation,2020/07/29,bird
linagliptin,"Boehringer Ingelheim Pharmaceuticals, Inc.",2020/02/03,lizard
Lansoprazole,"Preferred Pharmaceuticals, Inc.",2021/09/29,snake
"Acetaminophen, Dextromethorphan Hydrobromide, Doxylamine Succinate","Safeway, Inc.",2022/03/22,cat
"Acetaminophen, Guaifenesin and Phenylephrine HCl","Stephen L. LaFrance Pharmacy, Inc.",2019/07/19,lizard
Goat Epithelium,"Nelco Laboratories, Inc.",2019/11/26,snake
Allergenic Extracts Alum Precipitated,"ALK-Abello, Inc.",2020/08/19,snake
"ARSENIC TRIOXIDE - HISTAMINE DIHYDROCHLORIDE - DERMATOPHAGOIDES PTERONYSSINUS - MAGNESIUM PHOSPHATE, DIBASIC TRIHYDRATE - STRYCHNOS NUX-VOMICA SEED - ASPIDOSPERMA QUEBRACHO-BLANCO BARK - SUPLHUR -",TRP Company,2020/06/09,dog
Cephalexin,Lake Erie Medical DBA Quality Care Products LLC,2021/11/02,lizard
Bupropion Hydrochloride,"Preferred Pharmaceuticals, Inc",2019/11/26,snake
SIMVASTATIN,Merck Sharp & Dohme Corp.,2021/11/09,dog
Aspirin and Caffeine,Medtech Products Inc.,2022/05/21,bird
iloperidone,Vanda Pharmaceuticals Inc.,2019/10/24,hamster
Sulfur,"Nature's Innovation, Inc.",2021/06/03,bird
Cefprozil,NorthStar Rx LLC,2020/08/21,bird
Selenium Sulfide,Rite Aid Corporation,2021/08/27,dog
Aluminum Chlorohydrate,Every man jack,2021/08/11,snake
ARIPIPRAZOLE,Cardinal Health,2022/02/05,hamster
Duloxetine,Alembic Pharmaceuticals Limited,2021/05/20,bird
"Sulfur, Salicylic Acid","The Hain Celestial Group, Inc",2019/07/04,bird
Octinoxate and Titanium Dioxide,NARS COSMETICS,2021/10/29,dog
Avocado,"Nelco Laboratories, Inc.",2020/05/14,hamster
Sodium Fluoride,"Church & Dwight Co., Inc.",2021/04/25,cat
AZATHIOPRINE,"Salix Pharmaceuticals, Inc.",2020/05/16,snake
Ranitidine,Target Corporation,2019/07/30,cat
Lithium Carbonate,TYA Pharmaceuticals,2019/11/25,lizard
Alcohol,"Bath & Body Works, Inc.",2022/03/14,hamster
Loratadine and Pseudoephedrine,SUPERVALU INC.,2021/05/19,snake
Witch Hazel,CVS,2021/01/04,hamster
Western Juniper,"Nelco Laboratories, Inc.",2019/11/23,bird
Octinoxate,"Elizabeth Arden, Inc",2020/04/08,snake
"brompheniramine maleate, phenylephrine HCl",Richmond Division of Wyeth,2021/05/20,bird
Amlodipine Besylate,Unit Dose Services,2021/06/28,hamster
Oxygen,ILMO Products Company,2019/08/03,bird
"TITANIUM DIOXIDE, ZINC OXIDE, ARBUTIN, ADENOSINE",WIZCOZ CORPORATION LTD,2022/04/26,lizard
Aspirin,"GREAT LAKES WHOLESALE, MARKETING, & SALES, INC.",2021/02/07,snake
hydrocortisone,Duane Reade,2020/09/18,lizard
Acetaminophen,L. Perrigo Company,2021/06/10,hamster
Clotrimazole,"MSD Consumer Care, Inc.",2020/05/11,bird
"TITANIUM DIOXIDE, ZINC OXIDE","MallyGirl, LLC",2019/09/06,hamster
"Titanium Dioxide, Zinc Oxide","Fallien Cosmeceuticals, LTD.",2020/08/06,cat
tetrahydrozoline HCl,American Sales Company,2019/12/23,cat
OXYGEN,AIRSENSE INC,2019/06/27,bird
"AVOBENZONE, OCTISALATE, OCTOCRYLENE, OXYBENZONE",Cadey S.r.l.,2022/01/20,cat
Clarithromycin,Allied Pharma Inc,2022/04/06,bird
Duloxetine hydrochloride,Prasco Laboratories,2022/04/13,hamster
Losartan Potassium,Endo Pharmaceuticals Inc. DBA Endo Generic Products,2021/03/08,dog
Diclofenac epolamine,STAT Rx USA LLC,2020/07/13,bird
Octinoxate and Oxybenzone,Neutrogena Corporation,2022/04/12,snake
COPPER,Washington Homeopathic Products,2020/02/12,snake
Fluoxetine Hydrochloride,"Aphena Pharma Solutions - Tennessee, Inc.",2022/07/06,snake
BENZALKONIUM CHLORIDE,"Coating Systems Laboratories, Inc.",2022/04/10,snake
Clotrimazole,"MSD Consumer Care, Inc.",2022/04/26,snake
"Octocrylene, Octisalate, Homosalate, Avobenzone and Oxybenzone",Empack Spraytech Inc,2021/02/24,snake
Sodium monofluorophosphate,"Tom's of Maine, Inc.",2021/08/17,snake
"Octinoxate, Oxybenzone, Titanium Dioxide",Jafra Cosmetics international,2021/12/17,lizard
Dexmethylphenidate Hydrochloride,Teva Pharmaceuticals USA Inc,2021/06/12,cat
Dextromethorphan Hydrobromide,Kinray,2021/05/29,dog
DILTIAZEM HYDROCHLORIDE,Apotex Corp.,2019/08/25,snake
ALCOHOL,Triad Group,2020/06/15,lizard
Tolnaftate,Amerisource Bergen,2021/08/02,hamster
"DEXTROMETHORPHAN HYDROBROMIDE, GUAIFENESIN, PHENYLEPHRINE HYDROCHLORIDE",Major Pharmaceuticals,2019/11/09,cat
Caffeine,H E B,2022/02/26,lizard
"TITANIUM DIOXIDE, OCTINOXATE, OCTISALATE, ZINC OXIDE","TONYMOLY CO., LTD.",2022/05/04,bird
"Acetaminophen, Dextromethorphan hydrobromide, Phenylephrine hydrochloride, and Doxylamine succinate","Bayer HealthCare LLC, Consumer Care",2021/05/20,dog
Isosorbide Mononitrate,REMEDYREPACK INC.,2020/08/08,cat
ETHYL ALCOHOL,CVS PHARMACY,2021/02/23,lizard
NUX VOMICA,HOMEOLAB USA INC,2021/01/06,hamster
"OCTINOXATE, OCTISALATE, TITANIUM DIOXIDE, AVOBENZONE, ENZACAMENE, NIACINAMIDE, ADENOSINE","THEFACESHOP CO., LTD",2021/12/21,bird
Galantamine,Citron Pharma LLC,2019/10/20,cat
Lovastatin,BluePoint Laboratories,2020/02/07,snake
Amlodipine Besylate,Major Pharmaceuticals,2019/06/17,hamster
Diflorasone Diacetate,E. Fougera & Co. a division of Fougera Pharmaceuticals Inc.,2021/02/26,dog
CIPROFLOXACIN,Xspire Pharma,2019/06/24,bird
"OCTINOXATE, OXYBENZONE, OCTISALATE, AVOBENZONE","Avon Products, Inc.",2019/10/09,bird
TITANIUM DIOXIDE,"Hangzhou Facecare Cosmetics Co., Ltd.",2021/02/13,hamster
Losartan Potassium,Legacy Pharmaceutical Packaging,2020/10/22,dog
Trimethobenzamide Hydrochloride,"General Injectables & Vaccines, Inc",2019/09/22,dog
Enoxaparin Sodium,Sandoz Inc,2021/05/06,snake
Ketotifen Fumarate,Cardinal Health,2019/11/29,hamster
Metoprolol tartrate,REMEDYREPACK INC.,2022/01/12,lizard
solifenacin succinate,Cardinal Health,2021/09/15,snake
Mountain Cedar,"Nelco Laboratories, Inc.",2021/04/13,dog
Anastrozole,Cadila Healthcare Limited,2021/05/25,snake
Mouse Epithelium,"ALK-Abello, Inc.",2019/08/08,lizard
Gabapentin,Mylan Pharmaceuticals Inc.,2020/06/03,cat
TITANIUM DIOXIDE,"THEFACESHOP CO., LTD.",2021/05/16,cat
Midazolam Hydrochloride,Cardinal Health,2022/03/12,dog
Nitrous Oxide,Airgas Intermountain Inc,2022/06/04,dog
Allergenic Extracts Alum Precipitated,"ALK-Abello, Inc.",2020/01/27,lizard
"Avobenzone, Homosalate, Octisalate, Octocrylene and Oxybenzone",L'Oreal USA Products Inc,2021/05/24,bird
Flucytosine,Valeant Pharmaceuticals North America LLC,2021/06/10,hamster
Ondansetron Hydrochloride,Heritage Pharmaceuticals Inc.,2020/10/29,snake
West Cottonwood,"Nelco Laboratories, Inc.",2022/02/14,snake
Acetaminophen,Target Corporation,2020/08/27,lizard
Lamivudine and Zidovudine,"H.J. Harkins Company, Inc.",2022/06/13,hamster
"OCTINOXATE, OCTOCRYLENE, and TITANIUM DIOXIDE",SHISEIDO AMERICAS CORPORATION,2020/10/18,snake
Carisoprodol,Lake Erie Medical DBA Quality Care Products LLC,2019/11/18,dog
Clonidine Hydrochloride,State of Florida DOH Central Pharmacy,2020/02/03,dog
Lisinopril and Hydrochlorothiazide,Apotex Corp.,2021/01/21,lizard
"Chlorpheniramine maleate, Phenylephrine HCl",H E B,2021/05/04,lizard
Gabapentin,Major Pharmaceuticals,2020/12/27,dog
Ibuprofen,SUPERVALU INC.,2021/12/30,cat
"AVOBENZONE, HOMOSALATE, OXYBENZONE",Bliss World LLC,2019/07/21,cat
Octinoxate and Titanium Dioxide,Ventura Corporation LTD,2022/04/25,hamster
Johnson Grass,"Nelco Laboratories, Inc.",2022/06/16,hamster
telmisartan and hydrochlorothiazide,Mylan Pharmaceuticals Inc.,2021/07/11,bird
Petrolatum,"Elizabeth Arden, Inc",2019/06/02,cat
"Isometheptene Mucate, Caffeine and Acetaminophen",Xspire Pharma,2022/01/11,snake
Insulin,MannKind Corporation,2019/07/16,bird
Dermatophagoides pteronyssinus,"Allergy Laboratories, Inc.",2022/02/28,dog
OCTINOXATE and TITANIUM DIOXIDE,CHANEL PARFUMS BEAUTE,2019/08/15,snake
"OCTINOXATE, Titanium Dioxide, OCTISALATE","NATURE REPUBLIC CO., LTD.",2020/03/08,lizard
levalbuterol hydrochloride,"Watson Laboratories, Inc.",2020/04/11,dog
Water Oak,"Nelco Laboratories, Inc.",2021/10/02,bird
Iodixanol,GE Healthcare Inc.,2021/06/01,hamster
Zinc Oxide,"The Hain Celestial Group, Inc",2021/12/24,bird
Benazepril hydrochloride,"Trigen Laboratories, Inc.",2020/10/30,snake
ALCOHOL,"International Wholesale, Inc.",2022/07/18,lizard
Thyreoidea Belladonna,Uriel Pharmacy Inc.,2022/06/21,hamster
Octinoxate and Avobenzone,BCM Ltd,2022/04/02,hamster
amlodipine and benazepril hydrochloride,Mylan Pharmaceuticals Inc.,2022/05/12,snake
Aspirin,"Henry Schein, Inc.",2020/03/15,lizard
VALACYCLOVIR HYDROCHLORIDE,"Life Line Home Care Services, Inc.",2019/12/03,lizard
Acetaminophen,Topco Associates LLC,2021/06/10,snake
Propranolol Hydrochloride,"PD-Rx Pharmaceuticals, Inc.",2022/04/08,cat
OXYGEN,Cryo Weld Corporation,2021/01/17,lizard
Menthol,"Johnson & Johnson Consumer Products Company, Division of Johnson & Johnson Consumer Companies, Inc.",2020/08/30,dog
Diltiazem Hydrochloride,AbbVie Inc.,2019/08/24,lizard
Titanium dioxide,SHISEIDO AMERICAS CORPORATION,2022/06/25,cat
Norethindrone,Northstar Rx LLC,2021/01/26,cat
dextromethorphan hbr,Richmond Division of Wyeth,2019/12/31,snake
"Titanium Dioxide, OCTINOXATE, Zinc Oxide","NATURE REPUBLIC CO., LTD.",2019/07/18,lizard
Albuterol Sulfate,"Physicians Total Care, Inc.",2021/11/29,cat
LORAZEPAM,"Hospira, Inc.",2021/12/07,dog
"Methenamine, Sodium Phosphate Monobasic, Methylene Blue, Hyoscyamine Sulfate","SJ PHARMACEUTICALS, LLC",2019/11/19,snake
pramlintide acetate,"Amylin Pharmaceuticals, LLC",2019/07/13,hamster
"omeprazole, sodium bicarbonate","Prasco, Laboratories",2020/01/23,hamster
"Dextromethorphan HBr, Guaifenesin","Kareway Product, Inc.",2021/12/15,lizard
Anticoagulant Citrate Phosphate Dextrose Adenine,"Fenwal, Inc.",2020/04/08,hamster
Octinoxate and Titanium Dioxide,NARS COSMETICS,2021/05/12,hamster
Camphor,"Western Family Food, Inc.",2022/02/21,dog
"Titanium Dioxide, Zinc Oxide, and Octinoxate",Ventura Corporation LTD.,2022/02/25,cat
Alfalfa,"ALK-Abello, Inc.",2021/04/15,bird
Idarubicin Hydrochloride,Sandoz Inc,2020/10/07,cat
Mucor racemosus,Jubilant HollisterStier LLC,2020/07/02,hamster
TRICLOSAN,Tri-Coastal Design Company Inc.,2021/08/03,bird
Ketotifen Fumarate,Good Sense,2019/06/01,hamster
Balsam Poplar,"Nelco Laboratories, Inc.",2019/08/27,bird
Metoprolol Tartrate,Greenstone LLC,2021/11/10,cat
"ACETAMINOPHEN, PAMABROM",Unifirst First Aid Corporation,2019/07/18,bird
Titanium Dioxide and Zinc Oxide,Neutrogena Corporation,2019/10/13,lizard
"Avobenzone, Homosalate, Octisalate, and Octocrylene","MSD Consumer Care, Inc.",2021/09/04,lizard
Lidocaine Hydrochloride and Epinephrine Bitartrate,Benco Dental,2020/11/08,hamster
"OCTINOXATE, OCTISALATE",Gurwitch Products,2020/03/11,hamster
rumex crispus pollen,"Allergy Laboratories, Inc.",2021/12/10,lizard
Antiseptic handwash,Ecolab Inc.,2021/07/08,dog
Loperamide Hydrochloride,McKesson,2020/01/25,hamster
Torsemide,"Pliva, Inc",2020/10/11,dog
Risperidone,Major Pharmaceuticals,2022/05/08,lizard
Olanzapine,Teva Pharmaceuticals USA Inc,2020/01/19,lizard
Clonazepam,"PD-Rx Pharmaceuticals, Inc.",2020/11/23,snake
amlodipine and benazepril hydrochloride,Mylan Pharmaceuticals Inc.,2020/08/23,lizard
moexipril hydrochloride,"UCB, Inc.",2021/11/06,dog
Clotrimazole,Walgreen Company,2019/10/17,bird
telmisartan and amlodipine,Mylan Pharmaceuticals Inc.,2022/03/11,snake
"dimethicone, octinoxate, octisalate, oxybenzone",The Mentholatum Company,2019/09/30,cat
Ranitidine,"Liberty Pharmaceuticals, Inc.",2019/12/14,bird
"sodium phosphate, dibasic and sodium phosphate, monobasic","C.B. Fleet Company, Inc.",2020/07/07,snake
montelukast sodium,Lake Erie Medical & Surgical Supply DBA Quality Care Products LLC,2020/11/13,bird
Oxygen,Respacare of Louisiana,2022/07/11,snake
"Avobenzone, Octinoxate, and Oxybenzone",Herbalife International of America,2020/08/03,bird
Acetaminophen,Amerisource Bergen,2021/01/15,hamster
Metoprolol Tartrate,Cardinal Health,2021/09/15,bird
Phenazopyridine Hydrochloride,"i-Health, Inc.",2022/02/06,cat
BENZALKONIUM CHLORIDE,"Global Marketing Resources, Inc.",2019/06/14,snake
"CAUSTICUM, COLCHICUM AUTUMNALE, BENZOICUM ACIDUM, APIS MELLIFICA, ARSENICUM ALBUM, ARNICA MONTANA, NATRUM CARBONICUM",HOMEOLAB USA INC.,2021/08/12,cat
"Acetaminophen, Aspirin, and Caffeine","Bayer HealthCare LLC, Consumer Care",2020/06/01,cat
MENTHOL,Ricola Ag,2020/09/26,bird
"LIDOCAINE, BENZALKONIUM CHLORIDE","CCA Industries, Inc.",2021/01/21,hamster
GLYCERIN,"NATURE REPUBLIC CO., LTD.",2020/07/27,lizard
"Carbonate of barium, black lead, pure flint, arbor vitae",Indiana Botanic Gardens,2020/02/16,hamster
"Aconitum napellus, Belladonna, Chininum sulphuricum, Ferrum phosphoricum, Hepar sulphuris calcareum, Mercurius corrosivus, Natrum muriaticum, Nux vomica, Phosphorus, Pulsatilla, Sarcolacticum acidum, Sulphur",King Bio Inc.,2021/03/05,bird
Warfarin Sodium,Barr Laboratories Inc.,2019/06/29,dog
tramadol hydrochloride,Mylan Pharmaceuticals Inc.,2020/01/23,cat
Levothyroxine Sodium,"Dispensing Solutions, Inc.",2019/11/17,dog
Celecoxib,G.D. Searle LLC Division of Pfizer Inc,2020/10/30,snake
Metformin Hydrochloride,Amneal Pharmaceuticals,2021/07/24,hamster
influenza virus vaccine,GlaxoSmithKline Biologicals SA,2020/06/16,snake
Hydrocodone Bitartrate And Acetaminophen,"Preferred Pharmaceuticals, Inc",2021/04/27,bird
not applicable,Alternative Pharmacy,2021/11/19,bird
Ranitidine,Shasun Pharmaceuticals Limited,2021/10/12,lizard
TITANIUM DIOXIDE OCTINOXATE ZINC OXIDE,The Doctor's Cosmetic Inc,2021/06/03,lizard
Perphenazine,"NCS HealthCare of KY, Inc dba Vangard Labs",2022/07/16,hamster
"famotidine, calcium carbonate and magnesium hydroxide",Meijer Distribution Inc,2019/09/16,snake
dexlansoprazole,"Physicians Total Care, Inc.",2020/08/25,dog
PERIDOT,"Hahnemann Laboratories, Inc. dba Alpine Pharmaceuticals",2021/12/13,bird
Minoxidil,"Wal-Mart Stores, Inc.",2022/05/09,bird
Fluoxetine Hydrochloride,"Med-Health Pharma, LLC",2020/06/28,lizard
EPIFAGUS VIRGINIANA - IRIS VERSICOLOR ROOT - POTASSIUM IODIDE,Washington Homeopathic Products,2021/12/08,snake
Cuprum aceticum Zincum valerianicum,Uriel Pharmacy Inc.,2022/01/25,cat
Lisinopril,American Health Packaging,2020/09/28,cat
ALCOHOL,"Zhejiang Blue Dream Cosmetics Co., Ltd.",2021/10/15,lizard
"OCTINOXATE, TITANIUM DIOXIDE, and ZINC OXIDE",AMOREPACIFIC,2022/05/30,hamster
"Sodium Ascorbate, Cholecalciferol, di-alpha-Tocopheryl Acetate, Thiamine Mononitrate, Riboflavin, Niacinamide, Pyridoxine HCL, Folic Acid, Cyanocobalamin, Calcium Formate, Calcium Carbonate, Ferrous (II) bis-Glycinate Chelate, Potassium Iodide, Zinc Oxide, Choline Bitartrate, with Doconexent and Icosapent",DEREMETRX LLC,2020/03/25,snake
Hepar Stannum 17/20,Uriel Pharmacy Inc.,2021/09/19,bird
Ranitidine,Major Pharmaceuticals,2022/01/24,bird
Alcohol,Harris Teeter,2021/10/26,bird
hydrocodone bitartrate and acetaminophen,Shionogi Inc,2019/12/09,lizard
Sodium Fluoride,Patterson Dental Supply Inc,2021/06/04,hamster
"TITANIUM DIOXIDE, OCTINOXATE, and ZINC OXIDE",AMOREPACIFIC,2022/02/23,bird
Treatment Set TS344003,"Antigen Laboratories, Inc.",2021/08/03,bird
NICOTINE,Novartis Consumer Health,2021/12/30,hamster
Oxygen,Georgia Respiratory HomeCare & Medical Equipment LLC,2022/06/30,lizard
Flurazepam Hydrochloride,"Golden State Medical Supply, Inc.",2019/10/29,lizard
gatifloxacin,"Allergan, Inc.",2021/02/06,lizard
benztropine mesylate,Qualitest Pharmaceuticals,2021/05/19,dog
Bupropion Hydrochloride,Unit Dose Services,2020/11/28,snake
Common Sagebrush,"Nelco Laboratories, Inc.",2022/05/16,snake
Arnica e pl. tota 30,Uriel Pharmacy Inc.,2019/09/23,dog
"Chlorpheniramine Maleate, Dextromethorphan Hydrobromide, and Pseudoephedrine Hydrochloride","Capellon Pharmaceuticals, LLC",2021/05/02,lizard
ROPIVACAINE HYDROCHLORIDE,"Fresenius Kabi USA, LLC",2022/05/31,cat
piperacillin sodium and tazobactam sodium,"Wyeth Pharmaceuticals Inc., a subsidiary of Pfizer Inc.",2020/09/03,lizard
Warfarin Sodium,"Taro Pharmaceuticals U.S.A., Inc.",2020/10/18,hamster
"Acetaminophen, Dextromethorphan HBr, Phenylephrine HCl",Publix Super Markets Inc,2020/10/05,cat
Levothyroxine Sodium,Clinical Solutions Wholesale,2021/04/19,hamster
Guanfacine Hydrochloride,American Health Packaging,2022/06/05,dog
hydrocortisone sodium succinate,Pharmacia and Upjohn Company,2022/03/10,hamster
TOPIRAMATE,"Dispensing Solutions, Inc.",2021/01/07,lizard
Duloxetine,Cardinal Health,2022/04/16,bird
darbepoetin alfa,Amgen Inc,2022/01/04,snake
Gabapentin,REMEDYREPACK INC.,2019/08/16,dog
Gabapentin,"PD-Rx Pharmaceuticals, Inc.",2020/02/11,lizard
GENTAMICIN SULFATE,"Hospira, Inc.",2021/03/06,lizard
Valacyclovir Hydrochloride,Citron Pharma LLC,2020/07/01,lizard
chlorzoxazone,"Vertical Pharmaceuticals, Inc.",2021/05/02,lizard
lisinopril,Exelan Pharmaceuticals Inc.,2021/10/19,hamster
salicylic acid,"Biometics Co.,Ltd.",2021/08/18,snake
Levofloxacin,Greenstone LLC,2019/11/16,cat
Aspirin,Family Dollar,2020/04/06,dog
"OCTINOXATE, TITANIUM DIOXIDE",Parfums Christian Dior,2019/11/02,lizard
levetiracetam,"PD-Rx Pharmaceuticals, Inc.",2022/02/27,snake
repaglinide,Mylan Institutional Inc.,2022/04/08,cat
valsartan and hydrochlorothiazide,Cardinal Health,2020/11/20,bird
estradiol,"PD-Rx Pharmaceuticals, Inc.",2022/03/26,hamster
Amiodarone hydrochloride,Zydus Pharmaceuticals (USA) Inc.,2019/12/07,hamster
menthol,Pure Source,2022/02/10,cat
rocuronium bromide,Mylan Institutional LLC,2020/04/14,hamster
pramoxine hydrochloride,MEDA PHARMACEUTICALS INC.,2019/06/15,bird
morphine sulfate,"Physicians Total Care, Inc.",2019/11/21,dog
"Cocoa butter, Phenylephrine HCl, Shark liver oil",DZA Brands LLC,2019/12/27,hamster
Loxapine,"Lannett Company, Inc.",2020/10/13,bird
Nitrogen,AIRGAS NOR PAC INC,2020/08/06,bird
ST JOHNS WORT,Remedy Makers,2019/07/20,cat
Husky 514,OPI Correctional Industries,2020/11/21,lizard
Diclofenac epolamine,Rebel Distributors Corp,2020/05/26,hamster
ALCOHOL,"GOJO Industries, Inc.",2019/06/03,dog
Goat Epithelium,"Nelco Laboratories, Inc.",2020/01/17,snake
Casein,"Nelco Laboratories, Inc.",2022/01/18,hamster
FLUOXETINE,Heritage Pharmaceuticals Inc.,2019/06/24,hamster
NAPROXEN,"Blenheim Pharmacal, Inc.",2022/03/06,cat
Titanium Dioxide and Zinc Oxide,"Tarte, Inc",2020/02/16,hamster
Carvedilol,"Physicians Total Care, Inc.",2021/10/28,cat
CEFOTETAN DISODIUM,"APP Pharmaceuticals, LLC",2020/10/02,hamster
Levothyroxine Sodium,"Preferred Pharmaceuticals, Inc",2019/07/16,lizard
Octinoxate and Oxybenzone,"Autumn Harp, Inc",2020/10/30,dog
Cyclophosphamide,Baxter Healthcare Corporation,2021/10/29,cat
OXYBENZONE,"Hangzhou Facecare Cosmetics Co., Ltd.",2020/12/09,hamster
Etodolac,Clinical Solutions Wholesale,2020/01/14,snake
Alcohol,Unique Holding Group Inc,2019/11/11,hamster
Povidone Iodine,"Jiangsu Province JianErKang Medical Dressing Co. ,Ltd.",2022/04/15,lizard
Chlorpheniramine Maleate,L Perrigo Company,2022/05/24,dog
Melissa Chamomilla,Uriel Pharmacy Inc.,2020/03/25,bird
Wheat Bunt,"Nelco Laboratories, Inc.",2021/03/03,bird
Nitroglycerin,Baxter Healthcare Corporation,2021/01/19,cat
Egg White,"Antigen Laboratories, Inc.",2019/09/09,hamster
pimecrolimus,"Physicians Total Care, Inc.",2019/12/17,bird
Sodium Monofluorophosphate,"American Airlines, Inc.",2022/03/26,hamster
Bacitracin,Perrigo New York Inc,2021/03/09,lizard
CYPROHEPTADINE HYDROCHLORIDE,REMEDYREPACK INC.,2021/12/23,lizard
Ibuprofen,REMEDYREPACK INC.,2019/08/08,bird
Lidocaine,"MedVantage Pharmaceutical, LLC",2022/05/02,hamster
Sodium Fluoride,AR Medicom Inc,2020/08/13,hamster
HYDROQUINONE,CEN BEAUTY LLC,2021/04/03,snake
HYOSCYAMINE SULFATE,"Paddock Laboratories, LLC",2022/07/11,cat
PREGABALIN,Rebel Distributors Corp,2021/11/17,dog
Allergenic Extracts Alum Precipitated,"ALK-Abello, Inc.",2020/06/22,snake
venlafaxine hydrochloride,Aurobindo Pharma Limited,2019/10/26,dog
"Loratadine, Pseudoephedrine",Perrigo New York Inc,2019/05/31,dog
Amoxicillin,"PD-Rx Pharmaceuticals, Inc.",2020/09/06,hamster
Fluconazole,Claris Lifesciences Inc.,2019/07/09,dog
Triamterene and Hydrochlorothiazide,"Watson Laboratories, Inc.",2020/03/23,cat
"ECHINACEA ANGUSTIFOLIA, HAMAMMELIS VIRGINIANA, CALCAREA PHOSPHORICA, HYDRASTIS CANADANESIS, SENEGA OFFICINALIS, SILICEA, CONIUM, AURUM MURIATICUM NATRONATUM, CALCAREA CARBONICA, FUCUS VESICULOSUS, LAC",Marco Pharma International LLC.,2019/12/03,cat
HETASTARCH,"Hospira, Inc.",2022/04/17,snake
Cefazolin,Apotex Corp,2020/06/26,snake
progesterone,"Watson Pharma, Inc.",2022/02/08,bird
BUPIVACAINE HYDROCHLORIDE,A-S Medication Solutions LLC,2020/08/08,dog
Naproxen sodium,Kroger Company,2021/06/14,cat
Morphine Sulfate,Lake Erie Medical DBA Quality Care Products LLC,2021/10/23,cat
Benzoyl Peroxide,Procter & Gamble Manufacturing Company,2021/06/11,hamster
Desipramine Hydrochloride,Actavis Inc.,2021/06/26,dog
"OCTINOXATE, TITANIUM DIOXIDE, and ZINC OXIDE",AMOREPACIFIC,2020/04/12,dog
Paroxetine Hydrochloride,Greenstone LLC,2019/10/23,dog
Esomeprazole magnesium,Bryant Ranch Prepack,2021/12/02,lizard
erythromycin,"Paddock Laboratories, LLC",2019/10/10,snake
Terbinafine Hydrochloride,"Novartis Consumer Health, Inc.",2021/01/31,hamster
ZONISAMIDE,Bryant Ranch Prepack,2022/05/17,snake
"ALUMINUM HYDROXIDE, MAGNESIUM HYDROXIDE, DIMETHICONE",CVS,2021/03/26,dog
"Luffa operculata, Sabadilla","Church & Dwight Co., Inc.",2020/05/17,dog
Levofloxacin,West-Ward Pharmaceutical Corp,2020/09/17,bird
"EUCALYPTOL, MENTHOL, METHYL SALICYLATE, THYMOL",KMART CORPORATION,2020/04/02,lizard
artemisia annua pollen,"Allergy Laboratories, Inc.",2022/04/06,dog
"hard fat, phenylephrine HCl",Major Pharmaceuticals,2019/09/05,cat
"Alanine, Arginine, Asparagine, Aspartate, Cysteine, Glutamate, Glutamine, Glycine, Histidine, Isoleucine, Leucine, Lysine, Methionine, Phenylalanine, Proline, Serine, Threonine, Tyrosine, Tryptophan,","Liddell Laboratories, Inc.",2021/01/07,hamster
"Zinc Gluconate, Zinc Oxide, and Sambucus Nigra Flower",Dynamic Pharmaceuticals Inc.,2019/08/25,cat
ALCOHOL,"Greenbrier International, Inc.",2019/07/30,snake
Naproxen Sodium,Rebel Distributors Corp,2021/03/16,hamster
Menthol,The Mentholatum Company,2021/10/08,bird
"OCTINOXATE, TITANIUM DIOXIDE",MAKEUP ART COSMETICS,2019/12/04,dog
"cocoa butter, phenylephrine hcl",Publix Super Markets Inc,2020/01/13,snake
metronidazole,"Physicians Total Care, Inc.",2021/10/29,lizard
Glipizide,Lake Erie Medical DBA Quality Care Products LLC,2019/07/24,snake
clonazepam,Bryant Ranch Prepack,2019/08/25,snake
Quetiapine fumarate,Contract Pharmacy Services-PA,2021/08/03,lizard
metoprolol tartrate and hydrochlorothiazide,"Physicians Total Care, Inc.",2020/10/08,lizard
Lorazepam,"Preferred Pharmaceuticals, Inc",2020/12/14,lizard
Butorphanol Tartrate,"Roxane Laboratories, Inc",2020/12/11,snake
Verapamil Hydrochloride,Kremers Urban Pharmaceuticals Inc.,2020/07/30,hamster
"Avobenzone, Homosalate, Octisalate, Octocrylene and Oxybenzone","Prime Packaging, Inc.",2021/10/09,cat
clindamycin phosphate,"Preferred Pharmaceuticals, Inc.",2020/06/29,hamster
HydrOXYzine Hydrochloride,McKesson Packaging Services Business Unit of McKesson Corporation,2020/03/07,bird
Clonazepam,"PD-Rx Pharmaceuticals, Inc.",2019/09/02,dog
Atomoxetine hydrochloride,Carilion Materials Management,2020/08/12,hamster
meloxicam,Proficient Rx LP,2021/04/12,snake
LOPERAMIDE HYDROCHLORIDE,"Chain Drug Consortium, LLC",2022/01/08,bird
HYDROCODONE BITARTRATE AND ACETAMINOPHEN,"Mallinckrodt, Inc.",2022/04/08,hamster
PREGABALIN,A-S Medication Solutions LLC,2021/09/25,hamster
oxaliplatin,sanofi-aventis U.S. LLC,2022/03/07,bird
desflurane,Baxter Healthcare Corporation,2021/03/19,cat
diltiazem hydrochloride,Oceanside Pharmaceuticals,2020/06/03,cat
methylprednisolone,Greenstone LLC,2019/09/10,dog
atorvastatin calcium,Lake Erie Medical & Surgical Supply DBA Quality Care Products LLC,2019/12/16,dog
TORSEMIDE,"Roxane Laboratories, Inc",2020/10/10,dog
West Cottonwood,"Nelco Laboratories, Inc.",2019/06/14,hamster
Benzalkonium Chloride,Prefense LLC,2021/11/18,dog
ibuprofen,Meijer Distribution Inc,2021/10/19,dog
isotretinoin,"Barr Laboratories, Inc.",2022/06/30,cat
BENZALKONIUM CHLORIDE,SAS Healthcare Inc,2019/06/19,snake
Pseudoephedrine Hydrochloride,Rebel Distributors Corp,2019/09/01,dog
Lorazepam,Cardinal Health,2020/04/12,hamster
Mometasone furoate monohydrate,Merck Sharp & Dohme Corp.,2019/07/01,cat
"Echinacea (Angustifolia), Hydrastis Canadensis, Lomatium Dissectum, Nasturtium Aquaticum, Tabebuia Impetiginosa, Iodium, Adrenalinum, Thymus (suis), Throidinum (suis)","BioActive Nutritional, Inc.",2019/12/26,lizard
Promethazine Hydrochloride,REMEDYREPACK INC.,2020/07/06,bird
diazepam,RedPharm Drug Inc.,2020/02/16,bird
Benazepril Hydrochloride and Hydrochlorothiazide,"Physicians Total Care, Inc.",2019/12/26,snake
panthenol,"Doori Cosmetics Co., Ltd",2021/12/14,hamster
Mustard,Apotheca Company,2019/11/14,lizard
Hydrocodone Bitartrate and Acetaminophen,Rebel Distributors Corp.,2020/07/14,snake
Amiodarone Hydrochloride,"Physicians Total Care, Inc.",2021/01/27,lizard
zonisamide,"NCS HealthCare of KY, Inc dba Vangard Labs",2020/08/09,cat
dolasetron mesylate,sanofi-aventis U.S. LLC,2020/01/19,lizard
"ASPIRIN, IBUPROFEN, ACETAMINOPHEN, ALCOHOL, BENZALKONIUM CHLORIDE, BACITRACIN ZINC, NEOMYCIN SULFATE, POLYMYXIN B SULFATE, BENZALKONIUM CHLORIDE, LIDOCAINE, BENZOCAINE, ALCOHOL","Genuine First Aid, LLC",2021/03/30,hamster
Cromolyn sodium,Micro Labs Limited,2019/07/20,snake
magnesium sulfate,"The Pepsom Group, Inc.",2019/08/19,hamster
Tolnaftate,Walgreen Company,2021/03/06,lizard
"IPECAC, BRYONIA ALBA ROOT, SPONGIA OFFICINALIS SKELETON, ROASTED, PHOSPHORUS, CAUSTICUM, DROSERA ROTUNDIFOLIA, and RUMEX CRISPUS ROOT",Hyland's,2020/01/20,lizard
"Acetaminophen, Chlorpheniramine maleate, and Dextromethorphan Hydrobromide",Procter & Gamble Manufacturing Company,2020/02/10,bird
benztropine mesylate,"Camber Pharmaceutical, Inc.",2021/05/06,dog
Octinoxate and Titanium dioxide,NARS COSMETICS,2021/07/04,bird
Naproxen,REMEDYREPACK INC.,2021/06/04,hamster
ALCOHOL,"Certus Medical, Inc.",2022/01/09,lizard
Olanzapine,Dr.Reddy's laboratories Ltd.,2021/09/26,bird
Aluminum Zirconium Trichlorohydrex Gly,Procter and Gamble Manufacturing Company,2020/03/11,bird
Witch Hazel,"Supervalu, Inc",2021/07/23,cat
SODIUM FLUORIDE,"Aquapick Co., Ltd",2019/07/01,cat
aprepitant,"Physicians Total Care, Inc.",2019/07/26,hamster
SUCROSE,Natural Health Supply,2019/08/22,bird
fluphenazine hydrochloride,Mylan Pharmaceuticals Inc.,2020/02/18,cat
Ondansetron,Sandoz Inc,2019/07/31,dog
Avobenzone and Homosalate and Octisalate and Octocrylene,"Chattem, Inc.",2021/06/02,dog
CALCIUM CHLORIDE,"Hospira, Inc.",2020/03/10,bird
Omeprazole,Dr. Reddy's Laboratories Limited,2022/01/28,lizard
POTASSIUM BICARBONATE,Nomax Inc.,2021/12/30,hamster
"bacitracin zinc,neomycin sulfate, polymyxin b sulfate, pramoxine hydrochloride",Fred's Inc.,2020/12/12,snake
ATORVASTATIN CALCIUM,"Aphena Pharma Solutions - Tennessee, LLC",2020/12/27,bird
SALICYLIC ACID,CLINIQUE LABORATORIES INC,2020/12/17,bird
Quinine Sulfate,AR Scientific Inc.,2019/12/04,cat
"Fagopyrum esculentum, Magnesia muriatica",Apotheca Company,2022/06/05,cat
bethanechol chloride,"Caraco Pharmaceutical Laboratories, Ltd.",2020/12/01,bird
Hydrocortisone,Rite Aid Corporation,2019/09/12,lizard
Ibuprofen,"Physicians Total Care, Inc.",2019/12/03,snake
"AVOBENZONE, HOMOSALATE, OCTISALATE, OCTOCRYLENE, OXYBENZONE",Meijer Distribution Inc,2021/02/08,snake
BENZALKONIUM CHLORIDE,"SJ Creations, Inc.",2022/01/03,dog
Alcohol,"GOJO Industries, Inc.",2021/07/08,cat
Timolol Maleate,"Aton Pharma, Inc.",2021/05/13,bird
DEXPANTHENOL,"AMI Cosmetic Co.,Ltd.",2020/12/13,dog
methylphenidate hcl,"Watson Laboratories, Inc.",2021/07/27,lizard
Diclofenac Sodium,Sandoz Inc,2021/03/27,lizard
Dicyclomine Hydrochloride,REMEDYREPACK INC.,2022/04/22,snake
PRAMIPEXOLE DIHYDROCHLORIDE,American Health Packaging,2021/08/22,bird
"Avobenzone, Homosalate, Octisalate, Octocrylene, and Oxybenzone",Neutrogena Corporation,2020/10/03,cat
Triclosan,"SJ Creations, Inc.",2020/06/10,hamster
Prazosin Hydrochloride,REMEDYREPACK INC.,2020/06/29,lizard
ziprasidone hydrochloride,REMEDYREPACK INC.,2021/02/09,cat
Hydralazine Hydrochloride,REMEDYREPACK INC.,2021/06/25,bird
pyrithione zinc,ValueMerchandisers,2022/01/24,dog
Meclizine HCl,Geri-Care Pharmaceutical Corp,2019/09/11,hamster
morphine sulfate,"Physicians Total Care, Inc.",2021/12/08,dog
Atenolol and Chlorthalidone,AstraZeneca Pharmaceuticals LP,2019/10/08,lizard
Griseofulvin,Sandoz Inc,2019/09/03,snake
SODIUM CHLORIDE,"Fresenius Kabi USA, LLC",2019/08/18,bird
Octinoxate and Titanium Dioxide,Boots Retail USA Inc,2019/12/20,hamster
Torsemide,SUN PHARMACEUTICAL INDUSTRIES LIMITED,2021/12/29,dog
DIMETHICONE,"NATURE REPUBLIC CO., LTD.",2019/10/02,snake
Esomeprazole magnesium,AstraZeneca LP,2022/04/24,hamster
"China officinalis, Ferrum Phosphoricum and Medicago Sativa","Nartex Laboratorios Homeopaticos, S.A. De C.V.",2020/09/19,snake
"Chamomilla, Myrrha, Rosmarinus, Ruta, Symphytum, Antimon Tart, RSV.","Integrative Healing Institute, LLC",2021/02/25,lizard
DIPHENHYDRAMINE HYDROCHLORIDE,Breakthrough Products Inc.,2021/09/14,cat
OCTINOXATE,"SHISEIDO CO., LTD.",2022/02/22,cat
"Bacitracin Zinc, Neomycin Sulfate, and Polymyxin B Sulfate",American Sales Company,2020/02/08,cat
Diclofenac Sodium,"Blenheim Pharmacal, Inc.",2019/08/08,lizard
Chloroxylenol,Economical Janitorial Supplies,2021/02/09,dog
Carvedilol,Major Pharmaceuticals,2022/01/28,dog
Tretinoin,"OMP, INC.",2020/03/01,lizard
Sennosides A and B,Major Pharmaceuticals,2020/12/08,hamster
Alcohol,Ecolab Inc.,2020/12/17,bird
TRICLOSAN,Tri-Coastal Design Company Inc.,2021/02/24,snake
Prednisone,Qualitest Pharmaceuticals,2022/04/12,bird
aspirin,Cardinal Health,2020/08/13,hamster
temazepam,"Ascend Laboratories, LLC",2022/02/23,dog
Pelargonium sidoides,"Enzymatic Therapy, Inc.",2021/04/17,lizard
Enalapril Maleate,"Taro Pharmaceuticals U.S.A., Inc.",2021/05/22,snake
Finasteride,McKesson Packaging Services Business Unit of McKesson Corporation,2020/07/06,bird
Liothyronine sodium,Mylan Pharmaceuticals Inc.,2020/12/27,dog
Divalproex Sodium,TYA Pharmaceuticals,2022/07/01,cat
Octinoxate and Oxybenzone,Ventura International LTD.,2020/08/20,dog
"Allantoin, Lidocaine","Aidance Skincare & Topical Solutions, LLC",2020/05/03,hamster
trimethobenzamide hydrochloride,REMEDYREPACK INC.,2020/03/18,dog
"Berberis Vulgaris, Boldo, Chelidonium Majus, Hydrastis Canadensis, Lappa Major, Taraxacum Officinale, Trifolium Pratense","BioActive Nutritional, Inc.",2020/12/26,lizard
PredniSONE,Unit Dose Services,2021/01/30,dog
Nitrofurantoin Macrocrystals,"Liberty Pharmaceuticals, Inc.",2021/09/10,lizard
Doxycycline Hyclate,"Lannett Company, Inc.",2020/12/30,cat
Cetylpyridinium chloride,Demoulas Super Markets,2021/04/07,lizard
MENTHOL,NeoPharm USA,2021/07/18,hamster
Nicotine Polacrilex,DZA Brands LLC,2022/07/17,cat
Water,Aaxis Pacific,2022/05/26,lizard
ropinirole,GlaxoSmithKline LLC,2020/03/24,cat
Venlafaxine Hydrochloride,Aurobindo Pharma Limited,2019/11/26,bird
Aluminum Zirconium Tetrachlorohydrex GLY,Conopco Inc. d/b/a Unilever,2022/04/17,hamster
carboxymethylcellulose sodium,L. Perrigo Company,2022/04/05,cat
CHLOROXYLENOL,"Shanghai Yinjing Medical Supplies Co., Ltd.",2020/09/02,hamster
"ACETAMINOPHEN, DEXTROMETHORPHAN HYDROBROMIDE, DOXYLAMINE SUCCINATE","Chain Drug Consortium, LLC",2021/09/15,cat
Phenazopyridine HCl,Bryant Ranch Prepack,2020/05/25,hamster
Levothyroxine Sodium,"Dispensing Solutions, Inc.",2021/10/25,bird
Couch Quack Grass,"Nelco Laboratories, Inc.",2020/08/08,cat
nifedipine,Greenstone LLC,2022/03/15,dog
Capsaicin,"Concept Laboratories, Inc.",2021/10/08,dog
Estradiol,"Preferred Pharmaceuticals, Inc",2020/02/08,dog
Benazepril Hydrochloride,"AvKARE, Inc.",2019/11/12,hamster
Wart Remover Liquid,Premier Brands of America Inc.,2022/07/04,hamster
Metformin Hydrochloride,"PD-Rx Pharmaceuticals, Inc.",2019/09/07,snake
OXYGEN,"Gulf Medical Services, Inc.",2022/02/28,hamster
CISplatin,"WG Critical Care, LLC",2019/06/17,bird
Norethindrone Acetate and Ethinyl Estradiol and Ferrous Fumarate,"Warner Chilcott (US), LLC",2020/12/12,cat
Phenol,QUALITY CHOICE (Chain Drug Marketing Association),2021/05/11,dog
Silicea,"True Botanica, LLC",2021/05/01,cat
Candesartan Cilexetil and Hydrochlorothiazide,Par Pharmaceutical Inc.,2021/11/12,snake
IOPAMIDOL,Bracco Diagnostics Inc,2022/06/30,bird
Sulfamethoxazole and Trimethoprim,REMEDYREPACK INC.,2020/10/15,cat
"AVOBENZONE, OCTINOXATE, OCTOCRYLENE","Skin Alive, Ltd.",2020/12/11,snake
Berberis Quartz,Uriel Pharmacy Inc.,2021/03/10,dog
ipratropium bromide and albuterol sulfate,Mylan Pharmaceuticals Inc.,2022/06/09,snake
"Dextromethorphan HBr, Guaifenesin, Phenylephrine HCl",Alternative Pharmacal Corporation,2022/07/20,hamster
German Cockroach,"Nelco Laboratories, Inc.",2021/06/02,dog
BUMETANIDE,Cardinal Health,2020/10/15,dog
"Avena Sativa, Calcarea Carbonica, Damiana, Glandula Suprarenalis Suis, Magnesia Carbonica, Millefolium, Pituitaria Glandula, Sabal Serrulata, Thuja Occidentalis, Urtica Urens,",Safe Anabolic Sciences,2020/04/19,snake
ARNICA MONTANA,BrandStorm HBC,2022/04/01,bird
Chlorpheniramine maleate,Contract Pharmacy Services-PA,2021/02/17,dog
Losartan Potassium,"MedVantx, Inc.",2019/08/03,lizard
"Benzocaine, Resorcinol",Wal-Mart Stores Inc,2020/12/17,lizard
Olanzapine,REMEDYREPACK INC.,2021/08/16,snake
Meperidine Hydrochloride,Barr Laboratories Inc.,2020/02/08,dog
ALCOHOL,MGS Group Limited,2020/07/15,bird
MAGNESIUM HYDROXIDE,Stratus Pharamceuticals,2020/09/04,cat
Ethyl Alcohol,"Jets, Sets, & Elephants Beauty Corp.",2021/03/15,dog
Citalopram Hydrobromide,"PD-Rx Pharmaceuticals, Inc.",2022/02/19,dog
Dextrose monohydrate,Baxter Healthcare Corporation,2022/01/18,dog
"ALUMINUM HYDROXIDE,MAGNESIUM HYDROXIDE",Family Dollar,2020/07/02,bird
Montelukast Sodium,"Physicians Total Care, Inc.",2022/03/15,cat
"OCTINOXATE, TITANIUM DIOXIDE, and ZINC OXIDE",AMOREPACIFIC,2021/11/20,snake
"GLYCERIN, ALCOHOL, GLYCERYL MONOSTEARATE",ATOMY CO LTD,2022/03/15,bird
Aluminum Chlorohydrate,Ventura Corporation LTD.,2021/08/28,cat
Verapamil Hydrochloride,Major Pharmaceuticals,2021/03/18,bird
Levofloxacin,ReadyMeds,2019/06/23,cat
"OCTOCRYLENE, OCTINOXATE, TITANIUM DIOXIDE, ENSULIZOLE",LABORATOIRES M&L,2020/09/29,dog
Cefaclor,"Carlsbad Technology, Inc.",2020/04/03,dog
OCTINOXATE,LAURA GELLER MAKE UP INC.,2020/10/11,lizard
Sodium monofluorophosphate,Shield Line LLC,2021/08/17,snake
Hydrogen Peroxide,"EQUATE (Walmart Stores, Inc.)",2021/03/10,cat
cefotaxime sodium,Sanofi-Aventis U.S. LLC,2020/09/19,snake
"Octinoxate, Titanium Dioxide","Merle Norman Cosmetics, Inc",2021/05/21,hamster
HUMAN RHO(D) IMMUNE GLOBULIN,"Kedrion Melville, Inc.",2021/12/30,cat
Acetaminophen,Cardinal Health,2022/04/05,bird
ketoconazole,"Prestium Pharma, Inc.",2020/01/30,lizard
Erythromycin,"Physicians Total Care, Inc.",2022/02/13,snake
Hydrocortisone,"Chattem, Inc.",2020/07/20,cat
Metformin Hydrochloride,"Solco healthcare U.S., LLC",2019/12/31,hamster
"Acetaminophen, Dextromethorphan Hydrobromide, Doxylamine Succinate","Aaron Industries, Inc.",2020/08/30,bird
Nortriptyline Hydrochloride,Teva Pharmaceuticals USA Inc,2021/07/24,lizard
Naproxen Sodium,Aidarex Pharmaceuticals LLC,2021/06/17,cat
AZITHROMYCIN,Lake Erie Medical & Surgical Supply DBA Quality Care Products LLC,2021/11/13,lizard
Bethanechol Chloride,Major Pharmaceuticals,2020/12/25,cat
Rosemary Oil,"Laurus Enterprises, LLC",2021/11/30,bird
Firebush/Burning Bush,"Nelco Laboratories, Inc.",2021/11/02,snake
"Lanolin, Petrolatum",Kmart Corporation,2020/07/02,hamster
Oxygen,Bishop Welding Supply,2021/06/30,hamster
POLYGALA SENEGA ROOT,Natural Health Supply,2020/10/25,dog
TRICLOSAN,AMERICAN SALES COMPANY,2020/07/02,cat
Nicotine polacrilex,Topco Associates LLC,2020/01/12,bird
rizatriptan benzoate,Macleods Pharmaceuticals Limited,2019/06/07,lizard
Petrolatum,"Johnson & Johnson Consumer Products Company, Division of Johnson & Johnson Consumer Companies, Inc.",2019/07/23,cat
Tamsulosin Hydrochloride,"Dispensing Solutions, Inc.",2019/07/22,bird
Risperidone,Jubilant Cadista Pharmaceuticals Inc.,2021/06/06,cat
NAPROXEN SODIUM,"Medline Industries, Inc.",2022/02/06,bird
"Acetaminophen, Dextromethorphan Hydrobromide, Diphenhydramine Hydrochloride, Guaifenesin, and Phenylephrine Hydrochloride",Reckitt Benckiser LLC,2020/05/28,hamster
Lamotrigine,Unit Dose Services,2020/01/29,snake
isosorbide dinitrate,Carilion Materials Management,2022/06/27,cat
Carvedilol,"NCS HealthCare of KY, Inc dba Vangard Labs",2019/08/16,hamster
Amlodipine Besylate and Benazepril Hydrochloride,BluePoint Laboratories,2021/11/22,bird
Terbinafine Hydrochloride,Meijer Distribution Inc,2021/12/26,hamster
Clonidine,"Watson Laboratories, Inc.",2022/04/01,bird
Dopamine HCl,"American Regent, Inc.",2021/10/03,cat
OCTINOXATE and TITANIUM DIOXIDE,KANEBO COSMETICS INC.,2019/10/04,lizard
vancomycin hydrochloride,Akorn - Strides LLC,2019/09/14,cat
TOPICAL STARCH,KJI Industrial Co Ltd,2020/08/20,hamster
Hydroxyzine Hydrochloride,"American Regent, Inc.",2020/06/12,hamster
CLOTRIMAZOLE,"Personal Care Products, Inc.",2019/12/27,dog
Nabumetone,"Altura Pharmaceuticals, Inc.",2020/08/01,dog
Ketoconazole,REMEDYREPACK INC.,2022/05/24,snake
Oatmeal,"Johnson & Johnson Consumer Products Company, Division of Johnson & Johnson Consumer Companies, Inc.",2019/09/02,snake
"AVOBENZONE, OCTINOXATE, OCTISALATE, OXYBENZONE",C.F.E.B. Sisley,2021/03/22,hamster
"Titanium Dioxide, Zinc Oxide",Ojas Enterprises LLC,2019/08/16,bird
Oxygen,Central Montana Medical Center Home Oxgen,2021/11/12,dog
"avobenzone, homosalate, octisalate, octocrylene, oxybenzone",Mary Kay Inc.,2019/07/16,snake
hydrocodone bitartrate and acetaminophen,Shionogi Inc,2022/06/20,cat
Ibuprofen,Major Pharmaceuticals,2021/08/20,lizard
Guinea Pig Epithelium,"Nelco Laboratories, Inc.",2021/12/06,bird
OXYGEN,"Frontier Medical Equipment, Inc.",2022/05/28,cat
Fluphenazine Decanoate,"Par Pharmaceutical, Inc.",2019/06/30,snake
Methylprednisolone,Unit Dose Services,2019/12/22,hamster
Potassium Chloride,Lake Erie Medical DBA Quality Care Products LLC,2021/01/10,bird
Tizanidine Hydrochloride,Apotex Corp.,2020/06/07,hamster
erlotinib hydrochloride,"Genentech, Inc.",2020/02/13,hamster
"MINERAL OIL, PETROLATUM, PHENYLEPHRINE HCL","CHAIN DRUG CONSORTIUM, LLC",2020/02/01,bird
